Occupation/Context,Total Employed (US),Gesture-Relevance Analysis,Context Tags,Gestural Cueing for Alerts or Transitions,Need for Discreet or Silent Communication,Multimodal Command Needs,Wears Gloves or Hands Often Dirty,Safety-Critical Tasks,Touch-Free Requirement,"Environmental Sensitivity (Moisture, Heat, Cold)",Hands Frequently Full,Performance Contexts,Sterile or Hygiene-Sensitive Settings,Task Switching Without Losing Flow,Field Work with Limited Tech Access,One-Handed or Asymmetric Work,High-Volume Repetitive Logging,Dim or Low-Light Workspaces,Constant Motion / Mobile Work,Visual Focus Must Stay Forward,Time-Sensitive or High-Paced Environments,Noisy Environments (Voice Input Unreliable),Irregular or Constrained Environments,Team-Based Spatial Work,Public-Facing with Frequent Interruptions,Objects or Screens are Out of Reach,Data/Interface Control While Focused Elsewhere
Teacher,"4,000,000","Teachers are constantly moving, gesturing, and multitasking—whether managing student behavior, navigating lesson content, or triggering media. Gesture tech could allow educators to advance slides, mark attendance, or access tools without disrupting classroom control.","['Wears Gloves or Hands Often Dirty', 'Constant Motion / Mobile Work']",0,0,0,"4,000,000",0,0,0,0,0,0,0,0,0,0,0,"4,000,000",0,0,0,0,0,0,0,0
Retail Salesperson,"3,800,000","Retail salespeople often have hands full with items, registers, or displays. Gesture input could help them check inventory, call for assistance, or update customer profiles on the fly—especially in high-touch environments like clothing or electronics.","['Public-Facing with Frequent Interruptions', 'Hands Frequently Full']",0,0,0,0,0,0,0,"3,800,000",0,0,0,0,0,0,0,0,0,0,0,0,0,"3,800,000",0,0
Home Health Aide,"3,700,000","Aides assist patients in private homes, balancing mobility, hygiene, and emotional support. Gesture inputs could help track care routines, log changes, or request help while staying hands-on.","['Wears Gloves or Hands Often Dirty', 'Sterile or Hygiene-Sensitive Settings', 'Multimodal Command Needs', 'Hands Frequently Full']",0,0,"3,700,000","3,700,000",0,0,0,"3,700,000",0,"3,700,000",0,0,0,0,0,0,0,0,0,0,0,0,0,0
Cashier,"3,400,000","Cashiers handle money, scan items, and interact with customers. Gesture control could access inventory systems, alert managers, or pause checkouts without touching shared terminals—ideal for hygiene and speed.","['Sterile or Hygiene-Sensitive Settings', 'Gestural Cueing for Alerts or Transitions', 'Safety-Critical Tasks']","3,400,000",0,0,0,"3,400,000",0,0,0,0,"3,400,000",0,0,0,0,0,0,0,0,0,0,0,0,0,0
Customer Service Representative,"2,900,000","Customer service reps in physical locations often juggle input terminals, ID cards, and lines of people. Gesture tech could cue account lookups, flag issues, or notify supervisors without breaking eye contact or reaching for devices.","['Gestural Cueing for Alerts or Transitions', 'Multimodal Command Needs', 'Public-Facing with Frequent Interruptions', 'Need for Discreet or Silent Communication']","2,900,000","2,900,000","2,900,000",0,0,0,0,0,0,0,0,0,0,0,0,0,0,0,0,0,0,"2,900,000",0,0
Janitor,"2,400,000","Janitors work with gloved hands, cleaning chemicals, and constantly changing environments. Gesture tools could log tasks, cue safety checklists, or update work orders without removing gloves or touching shared surfaces.","['Wears Gloves or Hands Often Dirty', 'Gestural Cueing for Alerts or Transitions', 'Need for Discreet or Silent Communication', 'Safety-Critical Tasks']","2,400,000","2,400,000",0,"2,400,000","2,400,000",0,0,0,0,0,0,0,0,0,0,0,0,0,0,0,0,0,0,0
Truck Driver,"2,200,000","Drivers need hands on wheels and eyes on the road. Gesture inputs could enable simple dashboard interactions like call answering, map toggling, or radio tuning safely.",['Multimodal Command Needs'],0,0,"2,200,000",0,0,0,0,0,0,0,0,0,0,0,0,0,0,0,0,0,0,0,0,0
Waiter/Waitress,"2,200,000","While carrying dishes or multitasking on the floor, gestures could toggle POS commands, flag kitchen requests, or notify team members in real time.","['Team-Based Spatial Work', 'Multimodal Command Needs', 'Hands Frequently Full']",0,0,"2,200,000",0,0,0,0,"2,200,000",0,0,0,0,0,0,0,0,0,0,0,0,"2,200,000",0,0,0
Factory Assembly Line Worker,"2,000,000","Line workers typically have both hands occupied and strict time demands. Gesture input could allow them to log errors, summon supervisors, or adjust machinery without breaking workflow or removing PPE.",[],0,0,0,0,0,0,0,0,0,0,0,0,0,0,0,0,0,0,0,0,0,0,0,0
Elderly Care Nurse,"1,500,000","Providing mobility help, hygiene care, and emotional support, gesture inputs could log routines, access meds, or call for backup with minimal disruption.","['Sterile or Hygiene-Sensitive Settings', 'Multimodal Command Needs']",0,0,"1,500,000",0,0,0,0,0,0,"1,500,000",0,0,0,0,0,0,0,0,0,0,0,0,0,0
Real Estate Agent,"1,500,000","During property showings, real estate agents are often juggling tablets, keys, and client conversations. Gesture control could allow them to flip through home specs, trigger lighting scenes, or pull up comps without stopping the flow of a tour.","['Task Switching Without Losing Flow', 'Gestural Cueing for Alerts or Transitions']","1,500,000",0,0,0,0,0,0,0,0,0,"1,500,000",0,0,0,0,0,0,0,0,0,0,0,0,0
Nursing Assistant,"1,400,000","In hands-on roles, CNAs could log vitals, call nurses, or request help through gestures—keeping both hands focused on patient care.",['Wears Gloves or Hands Often Dirty'],0,0,0,"1,400,000",0,0,0,0,0,0,0,0,0,0,0,0,0,0,0,0,0,0,0,0
CNA,"1,400,000","Constantly moving and gloved, CNAs could use gestures to cue nurse calls, update vitals, or confirm tasks hands-free.","['Constant Motion / Mobile Work', 'Touch-Free Requirement', 'Gestural Cueing for Alerts or Transitions', 'Need for Discreet or Silent Communication']","1,400,000","1,400,000",0,0,0,"1,400,000",0,0,0,0,0,0,0,0,0,"1,400,000",0,0,0,0,0,0,0,0
Urban Delivery Driver,"1,200,000","Constantly entering/exiting vehicles while carrying packages, gesture control could allow drivers to log deliveries, navigate, or send status updates without pulling out a device.",['Hands Frequently Full'],0,0,0,0,0,0,0,"1,200,000",0,0,0,0,0,0,0,0,0,0,0,0,0,0,0,0
Delivery Driver,"1,200,000","Delivery drivers often have one hand on the wheel and the other carrying bags or packages. Gesture controls could let them mark deliveries, call customers, or reroute efficiently without needing to handle a touchscreen.","['One-Handed or Asymmetric Work', 'Hands Frequently Full']",0,0,0,0,0,0,0,"1,200,000",0,0,0,0,"1,200,000",0,0,0,0,0,0,0,0,0,0,0
Home Health Aide,"1,200,000","In clients’ homes with unpredictable setups, gestures could track care tasks, cue reminders, or trigger emergency calls while maintaining patient focus.","['Gestural Cueing for Alerts or Transitions', 'Need for Discreet or Silent Communication']","1,200,000","1,200,000",0,0,0,0,0,0,0,0,0,0,0,0,0,0,0,0,0,0,0,0,0,0
Security Guard,"1,100,000","Security guards must maintain situational awareness at all times. Gesture input could help mark incidents, switch camera views, or communicate silently—all without taking hands off equipment or compromising posture.","['Multimodal Command Needs', 'Hands Frequently Full']",0,0,"1,100,000",0,0,0,0,"1,100,000",0,0,0,0,0,0,0,0,0,0,0,0,0,0,0,0
Food Preparation Worker,"1,100,000","With hands covered in ingredients or gloves, gesture input could toggle timers, access recipes, or alert staff without contaminating surfaces.","['Multimodal Command Needs', 'Gestural Cueing for Alerts or Transitions', 'Safety-Critical Tasks']","1,100,000",0,"1,100,000",0,"1,100,000",0,0,0,0,0,0,0,0,0,0,0,0,0,0,0,0,0,0,0
Receptionist,"1,050,000","While fielding calls and guests, gestures could flag tasks, trigger room alerts, or rotate bookings—all without stepping away.",['Gestural Cueing for Alerts or Transitions'],"1,050,000",0,0,0,0,0,0,0,0,0,0,0,0,0,0,0,0,0,0,0,0,0,0,0
Warehouse Stocker,"1,000,000","With gloves on and boxes in hand, gestures could confirm shipments, log stock levels, or call for help without needing a scanner.",[],0,0,0,0,0,0,0,0,0,0,0,0,0,0,0,0,0,0,0,0,0,0,0,0
Fast Food Cook,"950,000","In heat and noise, gestures could mark orders ready, rotate batches, or page support without smearing touchscreens.",[],0,0,0,0,0,0,0,0,0,0,0,0,0,0,0,0,0,0,0,0,0,0,0,0
Landscaper,"900,000","Landscapers have dirty gloves and work under variable outdoor conditions. Gesture inputs could manage schedules, blueprints, or tool settings without dirtying devices.","['Wears Gloves or Hands Often Dirty', 'Multimodal Command Needs']",0,0,"900,000","900,000",0,0,0,0,0,0,0,0,0,0,0,0,0,0,0,0,0,0,0,0
Bus Driver,"875,000","While navigating routes and safety checks, drivers could log stops, alert dispatch, or access maps using simple gestures without looking away.","['Gestural Cueing for Alerts or Transitions', 'Safety-Critical Tasks']","875,000",0,0,0,"875,000",0,0,0,0,0,0,0,0,0,0,0,0,0,0,0,0,0,0,0
Farmer,"850,000","Farmers operate heavy machinery, handle livestock, and battle the elements. Gesture inputs could manage GPS systems, machinery settings, or emergency alerts from the field.","['Multimodal Command Needs', 'Field Work with Limited Tech Access']",0,0,"850,000",0,0,0,0,0,0,0,0,"850,000",0,0,0,0,0,0,0,0,0,0,0,0
Electrician,"800,000","Electricians often work in cramped, elevated, or hazardous spaces where pulling out a device is dangerous. Gesture inputs could trigger measurements, flashlights, or diagrams safely mid-task.","['Multimodal Command Needs', 'Irregular or Constrained Environments', 'Gestural Cueing for Alerts or Transitions', 'Safety-Critical Tasks']","800,000",0,"800,000",0,"800,000",0,0,0,0,0,0,0,0,0,0,0,0,0,0,"800,000",0,0,0,0
Medical Assistant,"720,000","Medical assistants are constantly switching between patient interactions, charting, and equipment. Gesture tools could allow hands-free navigation of health records, flag vitals, or page support while maintaining hygiene and flow.","['Touch-Free Requirement', 'Hands Frequently Full', 'Wears Gloves or Hands Often Dirty', 'Sterile or Hygiene-Sensitive Settings']",0,0,0,"720,000",0,"720,000",0,"720,000",0,"720,000",0,0,0,0,0,0,0,0,0,0,0,0,0,0
Amateur Radio Operator,"700,000","Often multitasking with knobs and scripts, gesture tools could help log transmissions or rotate antennas while monitoring signals.","['Wears Gloves or Hands Often Dirty', 'Visual Focus Must Stay Forward']",0,0,0,"700,000",0,0,0,0,0,0,0,0,0,0,0,0,"700,000",0,0,0,0,0,0,0
Automotive Mechanic,"680,000","Mechanics have oil, grease, and dirt on hands constantly. Gesture inputs could pull up diagrams, order parts, or log repairs without contaminating keyboards or tablets.","['Wears Gloves or Hands Often Dirty', 'Multimodal Command Needs']",0,0,"680,000","680,000",0,0,0,0,0,0,0,0,0,0,0,0,0,0,0,0,0,0,0,0
Bus Driver,"660,000","Drivers must maintain hand and visual focus at all times. Gesture inputs could operate non-critical systems like announcements, music, or maintenance logs safely.","['Multimodal Command Needs', 'Visual Focus Must Stay Forward']",0,0,"660,000",0,0,0,0,0,0,0,0,0,0,0,0,0,"660,000",0,0,0,0,0,0,0
Police Officer,"660,000","Officers frequently need to access databases, communicate, or log incidents while in motion or with hands full. Gesture inputs could provide safe, silent interaction with tools or vehicles.","['Wears Gloves or Hands Often Dirty', 'Multimodal Command Needs', 'Need for Discreet or Silent Communication', 'Hands Frequently Full']",0,"660,000","660,000","660,000",0,0,0,"660,000",0,0,0,0,0,0,0,0,0,0,0,0,0,0,0,0
Bartender,"650,000","Behind the bar, both hands are often occupied and surfaces are wet. Gesture inputs could pull up drink recipes, track orders, or trigger bar displays without breaking stride.","['Environmental Sensitivity (Moisture, Heat, Cold)', 'Multimodal Command Needs', 'Gestural Cueing for Alerts or Transitions']","650,000",0,"650,000",0,0,0,"650,000",0,0,0,0,0,0,0,0,0,0,0,0,0,0,0,0,0
Bartender,"650,000","In high-speed environments, gesture tools could change playlists, signal barbacks, or call out-of-stock items while shaking or pouring drinks.","['Wears Gloves or Hands Often Dirty', 'Gestural Cueing for Alerts or Transitions', 'Need for Discreet or Silent Communication']","650,000","650,000",0,"650,000",0,0,0,0,0,0,0,0,0,0,0,0,0,0,0,0,0,0,0,0
Warehouse Picker,"600,000","Pickers have hands full of inventory constantly. Gesture-based updates to picklists, scanner systems, or routing could optimize efficiency without breaking their pace.",['Hands Frequently Full'],0,0,0,0,0,0,0,"600,000",0,0,0,0,0,0,0,0,0,0,0,0,0,0,0,0
Food Processing Worker,"520,000","In food plants, sterility and PPE are non-negotiable. Gesture input could trigger batch updates, machinery adjustments, or quality control flags without removing gloves.",['Gestural Cueing for Alerts or Transitions'],"520,000",0,0,0,0,0,0,0,0,0,0,0,0,0,0,0,0,0,0,0,0,0,0,0
Meat Processor,"520,000","Covered in gloves, blood, and sanitation gear, workers can’t touch screens. Gesture controls could update cuts, request supervisors, or switch machines without contamination.","['Sterile or Hygiene-Sensitive Settings', 'Multimodal Command Needs']",0,0,"520,000",0,0,0,0,0,0,"520,000",0,0,0,0,0,0,0,0,0,0,0,0,0,0
Construction Manager,"500,000","Construction managers move between noisy job sites, blueprints, and inspections. Gesture tools could allow them to mark punch lists, navigate plans, or send alerts while wearing gloves and helmets in the field.","['Wears Gloves or Hands Often Dirty', 'Field Work with Limited Tech Access', 'Noisy Environments (Voice Input Unreliable)']",0,0,0,"500,000",0,0,0,0,0,0,0,"500,000",0,0,0,0,0,0,"500,000",0,0,0,0,0
Dishwasher,"500,000","Surrounded by wet dishes, gestures could log task completion, cue maintenance, or flag breakdowns without touching wet controls.","['Environmental Sensitivity (Moisture, Heat, Cold)', 'Gestural Cueing for Alerts or Transitions', 'Need for Discreet or Silent Communication']","500,000","500,000",0,0,0,0,"500,000",0,0,0,0,0,0,0,0,0,0,0,0,0,0,0,0,0
Childcare Worker,"475,000","Childcare workers manage constant motion, spills, and young children needing full attention. Gesture tools could track attendance, signal nap or snack times, or toggle music and media from across the room.","['Wears Gloves or Hands Often Dirty', 'Multimodal Command Needs', 'Gestural Cueing for Alerts or Transitions', 'Need for Discreet or Silent Communication']","475,000","475,000","475,000","475,000",0,0,0,0,0,0,0,0,0,0,0,0,0,0,0,0,0,0,0,0
Plumber,"470,000","Plumbers work in tight, messy spaces, often upside down or underwater. Gesture inputs could trigger schematics, pipe specs, or service checklists without contaminating devices.","['Wears Gloves or Hands Often Dirty', 'Multimodal Command Needs', 'Public-Facing with Frequent Interruptions', 'Gestural Cueing for Alerts or Transitions']","470,000",0,"470,000","470,000",0,0,0,0,0,0,0,0,0,0,0,0,0,0,0,0,0,"470,000",0,0
Barista,"450,000","Espresso-making is fast-paced, messy, and full of motion. Gesture control could manage orders, toggle music, or adjust equipment settings without interrupting workflow.","['Wears Gloves or Hands Often Dirty', 'Multimodal Command Needs', 'Time-Sensitive or High-Paced Environments', 'Hands Frequently Full']",0,0,"450,000","450,000",0,0,0,"450,000",0,0,0,0,0,0,0,0,0,"450,000",0,0,0,0,0,0
Construction Equipment Operator,"450,000","Inside cabs with safety gloves on, gestures could toggle diagnostics, flag hazards, or request refueling while machinery runs.","['Multimodal Command Needs', 'Safety-Critical Tasks']",0,0,"450,000",0,"450,000",0,0,0,0,0,0,0,0,0,0,0,0,0,0,0,0,0,0,0
Housekeeping Supervisor,"450,000","While checking rooms mid-clean, gestures could update checklists, flag delays, or ping staff on the go.",[],0,0,0,0,0,0,0,0,0,0,0,0,0,0,0,0,0,0,0,0,0,0,0,0
School Janitor,"445,000","Hands are on cleaning supplies and sanitation gear constantly. Gesture input could log completed rooms, flag repairs, or communicate with staff mid-task.",[],0,0,0,0,0,0,0,0,0,0,0,0,0,0,0,0,0,0,0,0,0,0,0,0
Heavy Equipment Operator,"440,000","Operators in cranes, bulldozers, or excavators have limited movement inside cockpits. Simple gestures could manage site comms, map overlays, or machinery readouts safely.",[],0,0,0,0,0,0,0,0,0,0,0,0,0,0,0,0,0,0,0,0,0,0,0,0
Prison Guard,"425,000","Often managing volatile environments, gestures could discreetly signal incidents, log rounds, or summon aid without radios.","['Gestural Cueing for Alerts or Transitions', 'Need for Discreet or Silent Communication']","425,000","425,000",0,0,0,0,0,0,0,0,0,0,0,0,0,0,0,0,0,0,0,0,0,0
Welder,"400,000","Welders wear gloves, visors, and thick PPE. Gesture-based tools could adjust settings, log welds, or trigger comms without taking off protective equipment.","['Wears Gloves or Hands Often Dirty', 'Multimodal Command Needs', 'Gestural Cueing for Alerts or Transitions', 'Hands Frequently Full']","400,000",0,"400,000","400,000",0,0,0,"400,000",0,0,0,0,0,0,0,0,0,0,0,0,0,0,0,0
Bank Teller,"400,000","Bank tellers deal with high-frequency interactions where speed and security matter. Gesture input could help toggle between accounts, flag suspicious behavior, or process check scanning while keeping workflows tight and hands in motion.",['Multimodal Command Needs'],0,0,"400,000",0,0,0,0,0,0,0,0,0,0,0,0,0,0,0,0,0,0,0,0,0
Restaurant Host,"400,000","With lines forming, gestures could page waitstaff, update seating charts, or flag customer notes discreetly.",['Public-Facing with Frequent Interruptions'],0,0,0,0,0,0,0,0,0,0,0,0,0,0,0,0,0,0,0,0,0,"400,000",0,0
HVAC Technician,"375,000","Often working in crawlspaces, attics, or rooftops, HVAC techs need info access in awkward positions. Gesture controls could aid diagnostics or client reports without breaking setup.",['Irregular or Constrained Environments'],0,0,0,0,0,0,0,0,0,0,0,0,0,0,0,0,0,0,0,"375,000",0,0,0,0
Groundskeeper,"350,000","Driving equipment or trimming trees, gesture input could adjust irrigation, signal maintenance logs, or mark hazards.","['Gestural Cueing for Alerts or Transitions', 'Need for Discreet or Silent Communication', 'Hands Frequently Full']","350,000","350,000",0,0,0,0,0,"350,000",0,0,0,0,0,0,0,0,0,0,0,0,0,0,0,0
Fitness Trainer,"330,000","Trainers need to demonstrate movements while motivating clients. Gesture inputs could control workout timers, music, or client data hands-free while remaining in flow.","['Touch-Free Requirement', 'Multimodal Command Needs', 'Task Switching Without Losing Flow']",0,0,"330,000",0,0,"330,000",0,0,0,0,"330,000",0,0,0,0,0,0,0,0,0,0,0,0,0
Factory Maintenance Mechanic,"330,000","Greasy hands and tight spaces make device access impractical. Gesture input could navigate manuals, alert systems, or maintenance logs safely.","['Gestural Cueing for Alerts or Transitions', 'Safety-Critical Tasks']","330,000",0,0,0,"330,000",0,0,0,0,0,0,0,0,0,0,0,0,0,0,0,0,0,0,0
Mail Carrier,"330,000","Mail carriers navigate long routes with gloves, bulky satchels, and frequent movement. Gesture tech could let them scan packages, flag access issues, or trigger route changes without pulling out a handheld scanner.","['Constant Motion / Mobile Work', 'Gestural Cueing for Alerts or Transitions', 'Hands Frequently Full']","330,000",0,0,0,0,0,0,"330,000",0,0,0,0,0,0,0,"330,000",0,0,0,0,0,0,0,0
Dental Assistant,"330,000","Working in sterile fields, gesture controls could rotate x-rays, cue tools, or update patient notes without breaking sanitation.","['Wears Gloves or Hands Often Dirty', 'Sterile or Hygiene-Sensitive Settings', 'Gestural Cueing for Alerts or Transitions', 'Need for Discreet or Silent Communication']","330,000","330,000",0,"330,000",0,0,0,0,0,"330,000",0,0,0,0,0,0,0,0,0,0,0,0,0,0
Pharmacist,"325,000","Pharmacists often wear gloves while handling medications and switching between patient profiles, labels, and safety checks. Gesture control could streamline workflow, reduce cross-contamination risk, and help maintain sterile handling zones.","['Sterile or Hygiene-Sensitive Settings', 'Safety-Critical Tasks']",0,0,0,0,"325,000",0,0,0,0,"325,000",0,0,0,0,0,0,0,0,0,0,0,0,0,0
Firefighter,"320,000","Firefighters often wear heavy gloves and work in smoke-filled, chaotic environments. Voice commands may be drowned out; gesture control could help operate radios, drones, or internal systems even when dexterity is limited.",[],0,0,0,0,0,0,0,0,0,0,0,0,0,0,0,0,0,0,0,0,0,0,0,0
Preschool Aide,"300,000","Surrounded by toddlers, gestures could cue songs, signal breaks, or alert staff with subtle motions.","['Gestural Cueing for Alerts or Transitions', 'Need for Discreet or Silent Communication', 'Safety-Critical Tasks']","300,000","300,000",0,0,"300,000",0,0,0,0,0,0,0,0,0,0,0,0,0,0,0,0,0,0,0
Hotel Front Desk Clerk,"280,000","Managing bookings, bags, and guests—gestures could toggle floor plans, send cleaning requests, or update occupancy status quickly.",['Multimodal Command Needs'],0,0,"280,000",0,0,0,0,0,0,0,0,0,0,0,0,0,0,0,0,0,0,0,0,0
Sports Coach,"270,000","Actively engaged on the field or court, coaches could manage plays, timers, or footage review using subtle, context-aware gestures.",['Field Work with Limited Tech Access'],0,0,0,0,0,0,0,0,0,0,0,"270,000",0,0,0,0,0,0,0,0,0,0,0,0
Paramedic,"262,000","Paramedics work in chaotic, time-sensitive environments where gloves are worn and speed matters. Gesture inputs could summon equipment lists, route updates, or patient info while in motion.","['Multimodal Command Needs', 'Time-Sensitive or High-Paced Environments', 'Hands Frequently Full']",0,0,"262,000",0,0,0,0,"262,000",0,0,0,0,0,0,0,0,0,"262,000",0,0,0,0,0,0
Drive-Thru Attendant,"250,000","Between handling food, payments, and comms, gestures could switch menus, alert kitchen, or toggle headsets touch-free.","['Touch-Free Requirement', 'Multimodal Command Needs', 'Gestural Cueing for Alerts or Transitions', 'Safety-Critical Tasks']","250,000",0,"250,000",0,"250,000","250,000",0,0,0,0,0,0,0,0,0,0,0,0,0,0,0,0,0,0
Machine Operator,"250,000","Wearing gloves at machines, gestures could adjust speed, confirm safety checks, or trigger shutdowns fast.","['Time-Sensitive or High-Paced Environments', 'Gestural Cueing for Alerts or Transitions', 'Safety-Critical Tasks']","250,000",0,0,0,"250,000",0,0,0,0,0,0,0,0,0,0,0,0,"250,000",0,0,0,0,0,0
Event Security Staff,"250,000","Amid noise and motion, gestures could log incidents, signal partners, or request backup fast.","['Time-Sensitive or High-Paced Environments', 'Gestural Cueing for Alerts or Transitions', 'Need for Discreet or Silent Communication']","250,000","250,000",0,0,0,0,0,0,0,0,0,0,0,0,0,0,0,"250,000",0,0,0,0,0,0
Radiology Tech,"240,000","Wearing PPE and moving around machines, gesture controls could toggle image settings or cue scans touch-free.","['Touch-Free Requirement', 'Multimodal Command Needs', 'Gestural Cueing for Alerts or Transitions', 'Need for Discreet or Silent Communication']","240,000","240,000","240,000",0,0,"240,000",0,0,0,0,0,0,0,0,0,0,0,0,0,0,0,0,0,0
Construction Foreman,"230,000","Foremen need to monitor multiple crews across noisy sites. Gesture input could allow them to signal equipment operators, mark issues, or pull up blueprints hands-free while on rugged terrain.","['Touch-Free Requirement', 'Gestural Cueing for Alerts or Transitions', 'Hands Frequently Full', 'Field Work with Limited Tech Access']","230,000",0,0,0,0,"230,000",0,"230,000",0,0,0,"230,000",0,0,0,0,0,0,0,0,0,0,0,0
Physical Therapist,"230,000",Therapists constantly guide patients through exercises while needing to log results or show reference movements. Gesture input could allow note-taking or video playback without interrupting sessions.,['High-Volume Repetitive Logging'],0,0,0,0,0,0,0,0,0,0,0,0,0,"230,000",0,0,0,0,0,0,0,0,0,0
X-Ray Technician,"230,000","Holding panels and communicating with patients, gestures could flip positioning diagrams or pause scan sequences hands-free.","['One-Handed or Asymmetric Work', 'Touch-Free Requirement']",0,0,0,0,0,"230,000",0,0,0,0,0,0,"230,000",0,0,0,0,0,0,0,0,0,0,0
Dental Hygienist,"223,000","Hands are constantly in patients’ mouths, making tool or chart management difficult. Gesture input could toggle X-ray machines, music, or note systems without breaking sterility.",['Multimodal Command Needs'],0,0,"223,000",0,0,0,0,0,0,0,0,0,0,0,0,0,0,0,0,0,0,0,0,0
Radiologic Technologist,"222,000",Operators work in sterile imaging rooms and often have limited mobility around machines. Gesture-based system control could streamline workflows without contaminating equipment.,"['Sterile or Hygiene-Sensitive Settings', 'Hands Frequently Full']",0,0,0,0,0,0,0,"222,000",0,"222,000",0,0,0,0,0,0,0,0,0,0,0,0,0,0
Pediatric Nurse,"200,000","Nurses constantly juggle charts, kids, and sterile environments. Gesture-based systems could improve medication confirmation, patient monitoring, or comms hands-free.","['Sterile or Hygiene-Sensitive Settings', 'Visual Focus Must Stay Forward', 'Touch-Free Requirement']",0,0,0,0,0,"200,000",0,0,0,"200,000",0,0,0,0,0,0,"200,000",0,0,0,0,0,0,0
Bread Baker,"190,000","Covered in dough and flour, bakers could use gesture control for timers, recipes, or inventory logs without stopping production.",[],0,0,0,0,0,0,0,0,0,0,0,0,0,0,0,0,0,0,0,0,0,0,0,0
Mover,"180,000","Carrying furniture up stairs, gestures could mark completion, update clients, or flag heavy loads without dropping boxes.",['Hands Frequently Full'],0,0,0,0,0,0,0,"180,000",0,0,0,0,0,0,0,0,0,0,0,0,0,0,0,0
Dialysis Technician,"180,000","Mid-treatment, gestures could cue monitors, adjust flow rates, or log symptoms touch-free.","['Touch-Free Requirement', 'Task Switching Without Losing Flow', 'Gestural Cueing for Alerts or Transitions', 'Need for Discreet or Silent Communication']","180,000","180,000",0,0,0,"180,000",0,0,0,0,"180,000",0,0,0,0,0,0,0,0,0,0,0,0,0
Emergency Room Nurse,"170,000","ER nurses handle trauma care in high-stakes, sterile environments. Gesture inputs could update vitals, summon supplies, or log medication administration without pausing patient care.","['Sterile or Hygiene-Sensitive Settings', 'Multimodal Command Needs']",0,0,"170,000",0,0,0,0,0,0,"170,000",0,0,0,0,0,0,0,0,0,0,0,0,0,0
Food Safety Inspector,"170,000","On-site in kitchens, gestures could log findings, rotate standards, or cue citations without removing gloves.","['Gestural Cueing for Alerts or Transitions', 'Need for Discreet or Silent Communication']","170,000","170,000",0,0,0,0,0,0,0,0,0,0,0,0,0,0,0,0,0,0,0,0,0,0
Roofer,"160,000","Roofers are frequently on unstable surfaces. Gesture-controlled access to blueprints, measurements, or checklists could improve safety and efficiency.",['Safety-Critical Tasks'],0,0,0,0,"160,000",0,0,0,0,0,0,0,0,0,0,0,0,0,0,0,0,0,0,0
Commercial Roofer,"160,000","Commercial roofing jobs involve large spans, safety harnesses, and busy work zones. Gesture input could mark inspections, summon supplies, or log milestones while staying secured.",['Safety-Critical Tasks'],0,0,0,0,"160,000",0,0,0,0,0,0,0,0,0,0,0,0,0,0,0,0,0,0,0
Pediatric Speech Therapist,"160,000","These therapists often work physically with kids to prompt speech while referencing data or tools. Gesture control could operate soundboards, timers, or logs without interrupting rapport.",['Wears Gloves or Hands Often Dirty'],0,0,0,"160,000",0,0,0,0,0,0,0,0,0,0,0,0,0,0,0,0,0,0,0,0
Drive-Thru Coffee Barista,"160,000","Juggling orders, hot drinks, and touchscreen systems, gestures could manage orders, play music, or trigger lane signals hands-free.","['Environmental Sensitivity (Moisture, Heat, Cold)', 'Touch-Free Requirement', 'Gestural Cueing for Alerts or Transitions']","160,000",0,0,0,0,"160,000","160,000",0,0,0,0,0,0,0,0,0,0,0,0,0,0,0,0,0
Auto Body Repair Technician,"160,000","Covered in grease and with hands full of tools, gestures could flip diagrams, flag damage, or reorder parts without touching a screen.","['Wears Gloves or Hands Often Dirty', 'Hands Frequently Full']",0,0,0,"160,000",0,0,0,"160,000",0,0,0,0,0,0,0,0,0,0,0,0,0,0,0,0
Recycling Center Worker,"160,000","Surrounded by trash and noise, gestures could flag non-recyclables, signal bin overflow, or rotate conveyors.","['Gestural Cueing for Alerts or Transitions', 'Need for Discreet or Silent Communication']","160,000","160,000",0,0,0,0,0,0,0,0,0,0,0,0,0,0,0,0,0,0,0,0,0,0
Warehouse Manager,"155,000","Managers walk the floor while juggling clipboards, inventory, and staff comms. Gesture control could update dashboards, scan items, or flag issues mid-walkthrough.",[],0,0,0,0,0,0,0,0,0,0,0,0,0,0,0,0,0,0,0,0,0,0,0,0
Lifeguard,"150,000","Lifeguards cannot divert attention or hands during critical moments. Gesture systems could discreetly log incidents, communicate distress codes, or update rosters without distraction.",[],0,0,0,0,0,0,0,0,0,0,0,0,0,0,0,0,0,0,0,0,0,0,0,0
Butcher,"145,000","Handling raw meat with safety gear on, gestures could update orders, check pricing, or call staff without contaminating surfaces.",['Safety-Critical Tasks'],0,0,0,0,"145,000",0,0,0,0,0,0,0,0,0,0,0,0,0,0,0,0,0,0,0
School Cafeteria Worker,"145,000","Wearing gloves and serving kids, gestures could cue food substitutions, mark allergy alerts, or flag staff.","['Gestural Cueing for Alerts or Transitions', 'Need for Discreet or Silent Communication']","145,000","145,000",0,0,0,0,0,0,0,0,0,0,0,0,0,0,0,0,0,0,0,0,0,0
Hospital Transport Attendant,"145,000","While wheeling patients, gestures could call elevators, log destinations, or notify nurses without losing pace.",[],0,0,0,0,0,0,0,0,0,0,0,0,0,0,0,0,0,0,0,0,0,0,0,0
Phlebotomist,"140,000",Drawing blood demands sterile handling while navigating complex patient databases. Gesture control could allow quick patient verification or logging without contaminating touch surfaces.,"['Sterile or Hygiene-Sensitive Settings', 'High-Volume Repetitive Logging']",0,0,0,0,0,0,0,0,0,"140,000",0,0,0,"140,000",0,0,0,0,0,0,0,0,0,0
Poultry Farm Worker,"140,000","Gloves, biohazard suits, and feather-filled barns make input tough. Gesture tools could log feed levels, flock changes, or request equipment touch-free.","['Wears Gloves or Hands Often Dirty', 'Touch-Free Requirement', 'Hands Frequently Full']",0,0,0,"140,000",0,"140,000",0,"140,000",0,0,0,0,0,0,0,0,0,0,0,0,0,0,0,0
Parking Valet,"140,000","Sprinting between vehicles, gestures could check claim tickets, flag damage, or communicate status discreetly.",[],0,0,0,0,0,0,0,0,0,0,0,0,0,0,0,0,0,0,0,0,0,0,0,0
Mechanic’s Assistant,"140,000","Dirty hands and moving parts make gesture control ideal for flipping torque charts, flagging issues, or cueing service logs.","['Wears Gloves or Hands Often Dirty', 'Public-Facing with Frequent Interruptions']",0,0,0,"140,000",0,0,0,0,0,0,0,0,0,0,0,0,0,0,0,0,0,"140,000",0,0
Fuel Station Attendant,"140,000","Dealing with pumps, spills, and cash, gestures could log transactions, page staff, or lock dispensers instantly.",[],0,0,0,0,0,0,0,0,0,0,0,0,0,0,0,0,0,0,0,0,0,0,0,0
Pilot,"135,000","Pilots manage dozens of cockpit controls under strict attention demands. Subtle gestures could trigger non-critical systems like cabin lights, minor adjustments, or nav checks during busy flights.",['Gestural Cueing for Alerts or Transitions'],"135,000",0,0,0,0,0,0,0,0,0,0,0,0,0,0,0,0,0,0,0,0,0,0,0
Phlebotomist,"135,000","With a needle in one hand, gestures could mark draw status, flag tough veins, or rotate appointment records.","['One-Handed or Asymmetric Work', 'High-Volume Repetitive Logging']",0,0,0,0,0,0,0,0,0,0,0,0,"135,000","135,000",0,0,0,0,0,0,0,0,0,0
Sous Chef,"130,000","Sous chefs work in fast, high-heat environments where hands are wet or contaminated. Gesture inputs could allow recipe lookups, timer adjustments, or order management without touching shared screens.","['Environmental Sensitivity (Moisture, Heat, Cold)', 'Multimodal Command Needs', 'Time-Sensitive or High-Paced Environments']",0,0,"130,000",0,0,0,"130,000",0,0,0,0,0,0,0,0,0,0,"130,000",0,0,0,0,0,0
Warehouse Forklift Driver,"130,000","Forklift operators cannot safely set down loads to interact with devices. Gesture commands could manage routing, inventory check-ins, or comms on-the-go.",['Multimodal Command Needs'],0,0,"130,000",0,0,0,0,0,0,0,0,0,0,0,0,0,0,0,0,0,0,0,0,0
Wastewater Treatment Operator,"125,000","In wet, hazardous facilities, operators need clean, hands-free data access. Gesture control could manage equipment monitoring, maintenance scheduling, or safety checks efficiently.","['Touch-Free Requirement', 'Environmental Sensitivity (Moisture, Heat, Cold)', 'Visual Focus Must Stay Forward', 'Hands Frequently Full']",0,0,0,0,0,"125,000","125,000","125,000",0,0,0,0,0,0,0,0,"125,000",0,0,0,0,0,0,0
Event Security Guard,"120,000","Guards need situational awareness at crowded events. Gesture signals could enable discrete communication, incident logging, or alert escalation without radios.","['Gestural Cueing for Alerts or Transitions', 'High-Volume Repetitive Logging', 'Noisy Environments (Voice Input Unreliable)', 'Safety-Critical Tasks']","120,000",0,0,0,"120,000",0,0,0,0,0,0,0,0,"120,000",0,0,0,0,"120,000",0,0,0,0,0
High-Voltage Line Worker,"120,000","Working with dangerous electricity, line workers can’t safely remove gloves or break focus. Gesture commands could manage comms, diagnostics, or circuit toggles remotely.",['Safety-Critical Tasks'],0,0,0,0,"120,000",0,0,0,0,0,0,0,0,0,0,0,0,0,0,0,0,0,0,0
Animal Shelter Worker,"120,000","Constantly cleaning, feeding, and managing pets, gesture input could manage logs, flag emergencies, or update schedules hands-free.",['Touch-Free Requirement'],0,0,0,0,0,"120,000",0,0,0,0,0,0,0,0,0,0,0,0,0,0,0,0,0,0
Veterinary Technician,"120,000","Veterinary technicians work closely with anxious animals while wearing gloves or handling equipment. Gesture input could let them mark symptoms, update patient records, or call for help without needing to disengage.","['High-Volume Repetitive Logging', 'Hands Frequently Full']",0,0,0,0,0,0,0,"120,000",0,0,0,0,0,"120,000",0,0,0,0,0,0,0,0,0,0
Pest Control Technician,"120,000","With chemicals in hand and in awkward spaces, gestures could log usage, cue safety timers, or photograph nests cleanly.","['Irregular or Constrained Environments', 'Gestural Cueing for Alerts or Transitions', 'Need for Discreet or Silent Communication', 'Safety-Critical Tasks']","120,000","120,000",0,0,"120,000",0,0,0,0,0,0,0,0,0,0,0,0,0,0,"120,000",0,0,0,0
Utility Lineman,"120,000","In gloves and at height, gestures could switch between line diagrams, signal safety, or log power readings.","['Multimodal Command Needs', 'Gestural Cueing for Alerts or Transitions', 'Need for Discreet or Silent Communication', 'Safety-Critical Tasks']","120,000","120,000","120,000",0,"120,000",0,0,0,0,0,0,0,0,0,0,0,0,0,0,0,0,0,0,0
Veterinary Receptionist,"120,000","With a pet in one hand and a phone in the other, gestures could flag appointments, page techs, or rotate logs.",['One-Handed or Asymmetric Work'],0,0,0,0,0,0,0,0,0,0,0,0,"120,000",0,0,0,0,0,0,0,0,0,0,0
Building Inspector,"120,000","On ladders or in basements, gestures could mark codes, snap violations, or flag live wiring issues.",['Performance Contexts'],0,0,0,0,0,0,0,0,"120,000",0,0,0,0,0,0,0,0,0,0,0,0,0,0,0
Sanitation Truck Driver,"120,000","Handling bins and driving, gestures could log pickups, reroute stops, or flag hazards mid-route.",[],0,0,0,0,0,0,0,0,0,0,0,0,0,0,0,0,0,0,0,0,0,0,0,0
Airline Ground Crew,"110,000","With engines roaring and hands occupied by luggage or fueling equipment, ground crew rely on visual signals. Gesture-based inputs could coordinate aircraft servicing, log damage, or alert supervisors mid-task.","['Multimodal Command Needs', 'Hands Frequently Full', 'Gestural Cueing for Alerts or Transitions', 'Safety-Critical Tasks']","110,000",0,"110,000",0,"110,000",0,0,"110,000",0,0,0,0,0,0,0,0,0,0,0,0,0,0,0,0
Mall Kiosk Vendor,"110,000","Surrounded by products and on display, gestures could process orders, trigger demos, or switch languages without a keyboard.","['Multimodal Command Needs', 'Gestural Cueing for Alerts or Transitions']","110,000",0,"110,000",0,0,0,0,0,0,0,0,0,0,0,0,0,0,0,0,0,0,0,0,0
Mall Security Guard,"110,000","Hands often full and always alert, gesture control could quietly report incidents, switch cams, or log rounds without pulling out a radio.","['Multimodal Command Needs', 'Gestural Cueing for Alerts or Transitions', 'Safety-Critical Tasks']","110,000",0,"110,000",0,"110,000",0,0,0,0,0,0,0,0,0,0,0,0,0,0,0,0,0,0,0
Ultrasound Technician,"110,000","While one hand holds a probe and another guides a patient, gestures could toggle overlays, record clips, or cue replays.","['One-Handed or Asymmetric Work', 'Multimodal Command Needs', 'Gestural Cueing for Alerts or Transitions', 'Need for Discreet or Silent Communication']","110,000","110,000","110,000",0,0,0,0,0,0,0,0,0,"110,000",0,0,0,0,0,0,0,0,0,0,0
Medical Records Technician,"110,000","Sorting charts and digital systems, gestures could filter logs, flag issues, or cue printouts quickly.","['Gestural Cueing for Alerts or Transitions', 'Need for Discreet or Silent Communication']","110,000","110,000",0,0,0,0,0,0,0,0,0,0,0,0,0,0,0,0,0,0,0,0,0,0
Airport Baggage Handler,"108,000","Handlers juggle heavy, awkward luggage under strict timeframes. Gesture input could help manage load sheets, communicate delays, or navigate dispatching without setting down gear.",['Irregular or Constrained Environments'],0,0,0,0,0,0,0,0,0,0,0,0,0,0,0,0,0,0,0,"108,000",0,0,0,0
Bouncer,"100,000","In loud clubs with full hands, gesture control could silently log incidents, check IDs, or signal security teams while monitoring entry points.","['Need for Discreet or Silent Communication', 'Visual Focus Must Stay Forward', 'Gestural Cueing for Alerts or Transitions', 'Noisy Environments (Voice Input Unreliable)']","100,000","100,000",0,0,0,0,0,0,0,0,0,0,0,0,0,0,"100,000",0,"100,000",0,0,0,0,0
Operating Room Tech,"100,000","Sterile support roles require constant attention to equipment. Gesture input could manage tool requests, monitor vitals, or update surgical logs.","['Sterile or Hygiene-Sensitive Settings', 'Hands Frequently Full']",0,0,0,0,0,0,0,"100,000",0,"100,000",0,0,0,0,0,0,0,0,0,0,0,0,0,0
Laundry Facility Operator,"100,000","Constant motion, water, and gloves make devices risky. Gesture input could operate machines, track cycles, or summon maintenance safely.",['Multimodal Command Needs'],0,0,"100,000",0,0,0,0,0,0,0,0,0,0,0,0,0,0,0,0,0,0,0,0,0
Parking Garage Attendant,"100,000","Often inside booths or guiding cars with full hands, gesture input could operate barriers, signal alerts, or check plate records without a keyboard.","['Gestural Cueing for Alerts or Transitions', 'High-Volume Repetitive Logging', 'Need for Discreet or Silent Communication']","100,000","100,000",0,0,0,0,0,0,0,0,0,0,0,"100,000",0,0,0,0,0,0,0,0,0,0
Livestream Host,"100,000","Hosts can’t step off-camera. Gesture input could control slides, cue music, or trigger overlays without breaking eye contact.","['Gestural Cueing for Alerts or Transitions', 'Need for Discreet or Silent Communication']","100,000","100,000",0,0,0,0,0,0,0,0,0,0,0,0,0,0,0,0,0,0,0,0,0,0
Industrial Dishwasher Operator,"100,000","With wet hands and fast cycles, gesture input could adjust modes, flag clogs, or manage inventory logs without touching buttons.","['Environmental Sensitivity (Moisture, Heat, Cold)', 'Time-Sensitive or High-Paced Environments']",0,0,0,0,0,0,"100,000",0,0,0,0,0,0,0,0,0,0,"100,000",0,0,0,0,0,0
Airport Ramp Agent,"100,000","Juggling luggage, fueling, and guiding planes, gesture input could aid equipment logging, dispatch calls, or safety status updates.","['High-Volume Repetitive Logging', 'Hands Frequently Full', 'Safety-Critical Tasks']",0,0,0,0,"100,000",0,0,"100,000",0,0,0,0,0,"100,000",0,0,0,0,0,0,0,0,0,0
Nightclub Bouncer,"100,000","With hands managing crowds and communication often needing discretion, gesture input could flag incidents, request backup, or check IDs without speaking into a radio.",[],0,0,0,0,0,0,0,0,0,0,0,0,0,0,0,0,0,0,0,0,0,0,0,0
Physical Therapy Assistant,"100,000","Mid-session, gestures could mark progress, flag injuries, or rotate rehab videos without interrupting physical guidance.",['Performance Contexts'],0,0,0,0,0,0,0,0,"100,000",0,0,0,0,0,0,0,0,0,0,0,0,0,0,0
Emergency Dispatcher,"100,000","Under pressure, gestures could switch screens, log incident codes, or notify responders without clicking through menus.",['Multimodal Command Needs'],0,0,"100,000",0,0,0,0,0,0,0,0,0,0,0,0,0,0,0,0,0,0,0,0,0
Laundry Attendant,"100,000","Sorting linens with gloves, gestures could trigger wash cycles, log load types, or signal refills.","['Gestural Cueing for Alerts or Transitions', 'Need for Discreet or Silent Communication']","100,000","100,000",0,0,0,0,0,0,0,0,0,0,0,0,0,0,0,0,0,0,0,0,0,0
Tractor Operator,"95,000","Bouncing on rough fields with gloved hands, gesture input could manage GPS guidance, radio, or engine status displays hands-free.",['Touch-Free Requirement'],0,0,0,0,0,"95,000",0,0,0,0,0,0,0,0,0,0,0,0,0,0,0,0,0,0
Emergency Dispatch Radio Operator,"95,000","Tied to multi-line radios, gestures could switch channels, log timestamps, or pull up maps without using keyboards.",['Multimodal Command Needs'],0,0,"95,000",0,0,0,0,0,0,0,0,0,0,0,0,0,0,0,0,0,0,0,0,0
Assembly Supervisor,"95,000","On the floor, gestures could flag errors, rotate shift logs, or pause production from anywhere.",[],0,0,0,0,0,0,0,0,0,0,0,0,0,0,0,0,0,0,0,0,0,0,0,0
Research Lab Technician,"90,000","In lab settings, sterility and chemical safety prohibit touching devices mid-experiment. Gesture controls could navigate data entry, timers, and microscope adjustments seamlessly.","['Multimodal Command Needs', 'Safety-Critical Tasks']",0,0,"90,000",0,"90,000",0,0,0,0,0,0,0,0,0,0,0,0,0,0,0,0,0,0,0
Sanitation Truck Loader,"90,000","Hauling trash bins while dodging vehicles, gesture input could log pickups, flag blockages, or request assistance mid-run.",[],0,0,0,0,0,0,0,0,0,0,0,0,0,0,0,0,0,0,0,0,0,0,0,0
Parking Enforcement Officer,"90,000","On the move, gestures could signal citations, log plate numbers, or call backup instantly.","['Constant Motion / Mobile Work', 'Gestural Cueing for Alerts or Transitions', 'Need for Discreet or Silent Communication']","90,000","90,000",0,0,0,0,0,0,0,0,0,0,0,0,0,"90,000",0,0,0,0,0,0,0,0
Veterinarian,"86,000","Vets need to manage unpredictable animals while accessing charts, imaging, or patient histories. Gesture input could allow for real-time data access without compromising animal control or hygiene.","['Sterile or Hygiene-Sensitive Settings', 'Task Switching Without Losing Flow']",0,0,0,0,0,0,0,0,0,"86,000","86,000",0,0,0,0,0,0,0,0,0,0,0,0,0
Parole Officer,"86,000","Officers visit clients in varied, unpredictable environments. Gesture input could discreetly access profiles, log updates, or alert backup without breaking eye contact.","['Gestural Cueing for Alerts or Transitions', 'Safety-Critical Tasks']","86,000",0,0,0,"86,000",0,0,0,0,0,0,0,0,0,0,0,0,0,0,0,0,0,0,0
Dog Groomer,"85,000","Groomers are covered in soap and fur. Gesture input could help manage schedules, trigger clippers, or update pet records mid-groom.","['High-Volume Repetitive Logging', 'Gestural Cueing for Alerts or Transitions']","85,000",0,0,0,0,0,0,0,0,0,0,0,0,"85,000",0,0,0,0,0,0,0,0,0,0
Metal Fabricator,"85,000","Gloves, heat, and sparks make input hard. Gesture control could toggle machine states, check specs, or flag defects without risking safety.","['Multimodal Command Needs', 'Safety-Critical Tasks']",0,0,"85,000",0,"85,000",0,0,0,0,0,0,0,0,0,0,0,0,0,0,0,0,0,0,0
Crossing Guard,"80,000","While managing children and traffic, gestures could cue signals, alert offices, or track timing safely.","['Gestural Cueing for Alerts or Transitions', 'Need for Discreet or Silent Communication', 'Safety-Critical Tasks']","80,000","80,000",0,0,"80,000",0,0,0,0,0,0,0,0,0,0,0,0,0,0,0,0,0,0,0
Sous Chef (Catering),"75,000","In off-site kitchens or pop-up events, mobility and cleanliness are key. Gesture input could manage checklists, prep logs, or menu toggles hands-free.",['Touch-Free Requirement'],0,0,0,0,0,"75,000",0,0,0,0,0,0,0,0,0,0,0,0,0,0,0,0,0,0
Ultrasound Technician,"75,000","Using gel-covered probes, techs could navigate imaging software, capture screenshots, or record notes with gestures to preserve cleanliness.",[],0,0,0,0,0,0,0,0,0,0,0,0,0,0,0,0,0,0,0,0,0,0,0,0
Bicycle Delivery Courier,"75,000","Riders can’t safely use phones while riding. Gesture control could update navigation, confirm deliveries, or signal traffic status.","['Gestural Cueing for Alerts or Transitions', 'Need for Discreet or Silent Communication']","75,000","75,000",0,0,0,0,0,0,0,0,0,0,0,0,0,0,0,0,0,0,0,0,0,0
Ice Cream Scooper (Seasonal Stand),"75,000","Hands cold and sticky, gesture input could tally orders, change music, or log inventory without needing to clean off.","['Environmental Sensitivity (Moisture, Heat, Cold)']",0,0,0,0,0,0,"75,000",0,0,0,0,0,0,0,0,0,0,0,0,0,0,0,0,0
Cement Truck Operator,"75,000","With rotating drums, wet mix, and full PPE, gesture control could manage load stats, log pours, or signal crews while maintaining flow.","['Environmental Sensitivity (Moisture, Heat, Cold)', 'Task Switching Without Losing Flow', 'Gestural Cueing for Alerts or Transitions', 'Need for Discreet or Silent Communication']","75,000","75,000",0,0,0,0,"75,000",0,0,0,"75,000",0,0,0,0,0,0,0,0,0,0,0,0,0
Airport Shuttle Driver,"75,000","Hands on the wheel and luggage in tow, gestures could signal stops, play greetings, or call dispatch.","['Gestural Cueing for Alerts or Transitions', 'Need for Discreet or Silent Communication']","75,000","75,000",0,0,0,0,0,0,0,0,0,0,0,0,0,0,0,0,0,0,0,0,0,0
Steelworker,"74,000","Heavy PPE, sparks, and heights define steelwork. Gesture input could assist with crane signals, blueprint access, or incident reporting hands-free.",['Touch-Free Requirement'],0,0,0,0,0,"74,000",0,0,0,0,0,0,0,0,0,0,0,0,0,0,0,0,0,0
Industrial Painter,"68,000","Paint sprayers wear full PPE and often hang from rigging. Gesture control could manage job logging, adjust spray settings, or contact supervisors mid-stroke.","['Multimodal Command Needs', 'High-Volume Repetitive Logging']",0,0,"68,000",0,0,0,0,0,0,0,0,0,0,"68,000",0,0,0,0,0,0,0,0,0,0
Professional Photographer,"65,000",Changing settings mid-shot or navigating galleries distracts from capturing moments. Subtle gesture control could enhance fluidity without touching camera gear.,['Multimodal Command Needs'],0,0,"65,000",0,0,0,0,0,0,0,0,0,0,0,0,0,0,0,0,0,0,0,0,0
Pharmaceutical Lab Technician,"65,000",Handling sensitive compounds under sterile hoods means touching devices is out of the question. Gesture control could streamline note-taking and data uploads safely.,"['Sterile or Hygiene-Sensitive Settings', 'Multimodal Command Needs', 'High-Volume Repetitive Logging']",0,0,"65,000",0,0,0,0,0,0,"65,000",0,0,0,"65,000",0,0,0,0,0,0,0,0,0,0
Bricklayer,"65,000","With mortar on hands and scaffolds underfoot, gesture input could rotate blueprints, mark completions, or call for materials mid-task.",[],0,0,0,0,0,0,0,0,0,0,0,0,0,0,0,0,0,0,0,0,0,0,0,0
Medical Transport Driver,"61,000","Often alone with critical patients, drivers can’t touch devices. Gesture control could manage navigation, ETA updates, or emergency signals safely.",['Multimodal Command Needs'],0,0,"61,000",0,0,0,0,0,0,0,0,0,0,0,0,0,0,0,0,0,0,0,0,0
Biomedical Equipment Technician,"60,000","Techs calibrate hospital equipment that often can’t be touched without gloves. Gesture control could streamline setup, diagnostics, and compliance logging.","['High-Volume Repetitive Logging', 'Hands Frequently Full']",0,0,0,0,0,0,0,"60,000",0,0,0,0,0,"60,000",0,0,0,0,0,0,0,0,0,0
Sign Language Interpreter,"60,000","When both hands are already communicating, gesture input (via foot or subtle body motion) could log notes or manage session tech.",['Performance Contexts'],0,0,0,0,0,0,0,0,"60,000",0,0,0,0,0,0,0,0,0,0,0,0,0,0,0
Food Truck Chef,"60,000","In tight, hot kitchens, gestures could manage tickets, music, or timers without stopping to wash hands.","['Environmental Sensitivity (Moisture, Heat, Cold)']",0,0,0,0,0,0,"60,000",0,0,0,0,0,0,0,0,0,0,0,0,0,0,0,0,0
Fitness Studio Owner,"60,000","Teaching while managing business, gestures could control class schedules, adjust music, or flag attendance without stepping away.",[],0,0,0,0,0,0,0,0,0,0,0,0,0,0,0,0,0,0,0,0,0,0,0,0
Window Installer,"56,000","Handling glass demands both hands and careful maneuvering. Gesture input could update job progress, summon help, or consult blueprints without dropping tools.",['Wears Gloves or Hands Often Dirty'],0,0,0,"56,000",0,0,0,0,0,0,0,0,0,0,0,0,0,0,0,0,0,0,0,0
Miner,"55,000","Underground, miners face poor lighting, confined spaces, and constant hazard risks. Gesture-based communication or equipment control could operate reliably where voice is muffled or hands are encumbered.","['Irregular or Constrained Environments', 'Hands Frequently Full', 'Safety-Critical Tasks']",0,0,0,0,"55,000",0,0,"55,000",0,0,0,0,0,0,0,0,0,0,0,"55,000",0,0,0,0
Hospital Transporter,"55,000","Moving patients between units demands careful steering and hygiene. Gesture inputs could manage elevators, route tracking, or handoff checklists without needing a hand free.","['Sterile or Hygiene-Sensitive Settings', 'Multimodal Command Needs']",0,0,"55,000",0,0,0,0,0,0,"55,000",0,0,0,0,0,0,0,0,0,0,0,0,0,0
Surgeon,"54,000",Surgeons work in sterile environments where touching external devices is forbidden. Gesture-based inputs could allow them to manipulate imaging tools or adjust lights mid-surgery without breaking sterility.,"['Wears Gloves or Hands Often Dirty', 'Sterile or Hygiene-Sensitive Settings', 'Multimodal Command Needs']",0,0,"54,000","54,000",0,0,0,0,0,"54,000",0,0,0,0,0,0,0,0,0,0,0,0,0,0
Tree Trimmer,"50,000","Often suspended in harnesses with saws in hand, these workers can’t easily operate devices. Gesture input could coordinate with ground crews or log job milestones safely.",['Multimodal Command Needs'],0,0,"50,000",0,0,0,0,0,0,0,0,0,0,0,0,0,0,0,0,0,0,0,0,0
Orthopedic Technician,"50,000","Holding braces or casts, gesture input could rotate fitting diagrams, flag pressure points, or call surgeons.",['One-Handed or Asymmetric Work'],0,0,0,0,0,0,0,0,0,0,0,0,"50,000",0,0,0,0,0,0,0,0,0,0,0
Train Engineer,"49,000","In tight cabs with constant motion, engineers could use gestures to toggle controls, signal dispatch, or adjust route readouts safely.","['Multimodal Command Needs', 'Gestural Cueing for Alerts or Transitions', 'Need for Discreet or Silent Communication']","49,000","49,000","49,000",0,0,0,0,0,0,0,0,0,0,0,0,0,0,0,0,0,0,0,0,0
Lumberjack,"48,000","With chainsaws, gloves, and debris flying, gesture tools could track tree falls, request aid, or map logging zones safely.","['Wears Gloves or Hands Often Dirty', 'High-Volume Repetitive Logging']",0,0,0,"48,000",0,0,0,0,0,0,0,0,0,"48,000",0,0,0,0,0,0,0,0,0,0
Martial Arts Instructor,"47,000","Instructors must maintain form and constant engagement. Gesture controls could manage lesson progress, timers, or class playlists without interrupting flow.",['Task Switching Without Losing Flow'],0,0,0,0,0,0,0,0,0,0,"47,000",0,0,0,0,0,0,0,0,0,0,0,0,0
Crane Operator,"47,000","High up with joysticks in hand, gesture commands could manage comms, toggle cameras, or log loads without radios.",['Multimodal Command Needs'],0,0,"47,000",0,0,0,0,0,0,0,0,0,0,0,0,0,0,0,0,0,0,0,0,0
TSA Screener,"47,000","At screening stations, gesture input could mark flags, request secondary checks, or scroll manifests without delays.",[],0,0,0,0,0,0,0,0,0,0,0,0,0,0,0,0,0,0,0,0,0,0,0,0
Mobile Car Detailer,"45,000","Cleaning interiors and exteriors in tight spaces, gesture control could manage schedules, document damage, or handle payments while hands are wet or gloved.","['Environmental Sensitivity (Moisture, Heat, Cold)']",0,0,0,0,0,0,"45,000",0,0,0,0,0,0,0,0,0,0,0,0,0,0,0,0,0
Hazardous Waste Technician,"45,000","Clad in PPE and dealing with toxic substances, gesture input could manage diagnostics, log collection sites, or trigger emergency protocols safely.",['Gestural Cueing for Alerts or Transitions'],"45,000",0,0,0,0,0,0,0,0,0,0,0,0,0,0,0,0,0,0,0,0,0,0,0
Farmers Market Vendor,"45,000","With hands on produce and customers waiting, gesture input could handle payments, log sales, or cue music hands-free.","['Touch-Free Requirement', 'Gestural Cueing for Alerts or Transitions', 'Need for Discreet or Silent Communication']","45,000","45,000",0,0,0,"45,000",0,0,0,0,0,0,0,0,0,0,0,0,0,0,0,0,0,0
Wedding Videographer,"45,000","Recording high-emotion moments, gesture controls could adjust zoom, lighting, or audio without reaching for gear.",['Performance Contexts'],0,0,0,0,0,0,0,0,"45,000",0,0,0,0,0,0,0,0,0,0,0,0,0,0,0
Greenhouse Horticulturist,"45,000","Surrounded by moisture, dirt, and plants, gesture input could track growth cycles, adjust humidity systems, or document pest issues.","['Environmental Sensitivity (Moisture, Heat, Cold)']",0,0,0,0,0,0,"45,000",0,0,0,0,0,0,0,0,0,0,0,0,0,0,0,0,0
Livestock Transport Driver,"45,000","Navigating long-hauls with animal cargo, gesture input could check weight logs, toggle ventilation, or log feed/water stops.",['Multimodal Command Needs'],0,0,"45,000",0,0,0,0,0,0,0,0,0,0,0,0,0,0,0,0,0,0,0,0,0
ER Doctor,"44,000","In the ER, seconds matter and sterility is paramount. Gesture input could trigger patient info pull-ups, imaging requests, or alarms without interrupting triage.",['Gestural Cueing for Alerts or Transitions'],"44,000",0,0,0,0,0,0,0,0,0,0,0,0,0,0,0,0,0,0,0,0,0,0,0
Mobile Notary,"44,000","Meeting clients in cars or doorsteps, gesture input could log signatures, manage scanning, or confirm ID steps without juggling devices.",['Multimodal Command Needs'],0,0,"44,000",0,0,0,0,0,0,0,0,0,0,0,0,0,0,0,0,0,0,0,0,0
Train Conductor,"43,000","Conductors operate in narrow cabins while needing to manage multiple systems. Gesture input could trigger announcements, signals, or diagnostics safely.",['Gestural Cueing for Alerts or Transitions'],"43,000",0,0,0,0,0,0,0,0,0,0,0,0,0,0,0,0,0,0,0,0,0,0,0
Commercial Pilot (Cargo),"43,000","Cargo pilots manage large, often overnight shipments where fatigue and multitasking are issues. Gesture shortcuts could streamline cabin controls or cargo monitoring safely.",['Visual Focus Must Stay Forward'],0,0,0,0,0,0,0,0,0,0,0,0,0,0,0,0,"43,000",0,0,0,0,0,0,0
Freelance Makeup Artist,"40,000","Makeup artists can’t touch tech mid-client. Gesture controls could operate lighting, product lists, or portfolio toggles while keeping tools in hand.",['Wears Gloves or Hands Often Dirty'],0,0,0,"40,000",0,0,0,0,0,0,0,0,0,0,0,0,0,0,0,0,0,0,0,0
Refrigerated Truck Driver,"40,000","Gloves and cold cargo make screen use tough. Gesture controls could check load temp, log drop-offs, or update routing.","['Environmental Sensitivity (Moisture, Heat, Cold)']",0,0,0,0,0,0,"40,000",0,0,0,0,0,0,0,0,0,0,0,0,0,0,0,0,0
Mail Sorting Facility Tech,"40,000","Hands full of letters and bin liners, gestures could switch sort modes, track anomalies, or signal supply needs on the move.","['Multimodal Command Needs', 'Constant Motion / Mobile Work', 'Gestural Cueing for Alerts or Transitions', 'Hands Frequently Full']","40,000",0,"40,000",0,0,0,0,"40,000",0,0,0,0,0,0,0,"40,000",0,0,0,0,0,0,0,0
MRI Technician,"40,000","In isolated scan rooms, gesture tools could mark anomalies, cue sequences, or notify radiologists silently.","['Wears Gloves or Hands Often Dirty', 'Gestural Cueing for Alerts or Transitions', 'Need for Discreet or Silent Communication']","40,000","40,000",0,"40,000",0,0,0,0,0,0,0,0,0,0,0,0,0,0,0,0,0,0,0,0
Biologist (Fieldwork),"38,000","Field biologists often trek through wet, dirty, or remote environments where traditional devices aren’t accessible. Gesture inputs could assist with data logging, navigation, or photography.","['Multimodal Command Needs', 'Environmental Sensitivity (Moisture, Heat, Cold)', 'Wears Gloves or Hands Often Dirty', 'High-Volume Repetitive Logging']",0,0,"38,000","38,000",0,0,"38,000",0,0,0,0,0,0,"38,000",0,0,0,0,0,0,0,0,0,0
Urban Planner (On-site Surveys),"38,000","Planners in the field juggle blueprints, inspections, and safety gear. Gesture-based mapping tools could assist with route marking, data tagging, and compliance checks.","['Wears Gloves or Hands Often Dirty', 'Field Work with Limited Tech Access', 'Safety-Critical Tasks']",0,0,0,"38,000","38,000",0,0,0,0,0,0,"38,000",0,0,0,0,0,0,0,0,0,0,0,0
Dog Daycare Staff,"38,000","Surrounded by excited pups, gesture control could manage feeding logs, mark behavior incidents, or flag cleaning tasks while in motion.",[],0,0,0,0,0,0,0,0,0,0,0,0,0,0,0,0,0,0,0,0,0,0,0,0
Pediatric Occupational Therapist,"35,000","Therapists guide children through movement exercises needing constant hand-on-body interaction. Gesture inputs could manage progress notes, timers, or adjustments without breaking flow.","['Multimodal Command Needs', 'Task Switching Without Losing Flow']",0,0,"35,000",0,0,0,0,0,0,0,"35,000",0,0,0,0,0,0,0,0,0,0,0,0,0
Stagehand (Concerts),"35,000","Behind the scenes and often in the dark, gesture input could help manage rigging, cue timing, or lighting presets during live events.","['Dim or Low-Light Workspaces', 'Gestural Cueing for Alerts or Transitions', 'Need for Discreet or Silent Communication', 'Performance Contexts']","35,000","35,000",0,0,0,0,0,0,"35,000",0,0,0,0,0,"35,000",0,0,0,0,0,0,0,0,0
Street Sweeper Driver,"35,000","Drivers navigate curbs and trash with gloves and tight timing. Gesture input could adjust suction, flag issues, or reroute efficiently.",[],0,0,0,0,0,0,0,0,0,0,0,0,0,0,0,0,0,0,0,0,0,0,0,0
Food Safety Inspector,"35,000","On-site in commercial kitchens, gesture input could flag violations, take photos, or pull up checklists without contaminating anything.",[],0,0,0,0,0,0,0,0,0,0,0,0,0,0,0,0,0,0,0,0,0,0,0,0
Ship Captain,"33,000","At sea, captains often manage long shifts with dozens of tasks. Gesture input could manage nav data, system toggles, or log entries while steering or issuing commands.",[],0,0,0,0,0,0,0,0,0,0,0,0,0,0,0,0,0,0,0,0,0,0,0,0
Private Investigator,"33,000","On stakeouts or navigating tight quarters, gesture input could log timestamps, switch cameras, or tag events quietly.",['Multimodal Command Needs'],0,0,"33,000",0,0,0,0,0,0,0,0,0,0,0,0,0,0,0,0,0,0,0,0,0
Studio Photographer (Portraits),"32,000","During shoots, photographers must engage subjects while adjusting settings. Gesture controls could shift lighting, capture modes, or framing tweaks without moving back and forth.",['Multimodal Command Needs'],0,0,"32,000",0,0,0,0,0,0,0,0,0,0,0,0,0,0,0,0,0,0,0,0,0
Sprinkler System Installer,"32,000","Working underground with wet hands, gestures could test zones, log valve placement, or pull schematics without dirtying a device.","['Environmental Sensitivity (Moisture, Heat, Cold)']",0,0,0,0,0,0,"32,000",0,0,0,0,0,0,0,0,0,0,0,0,0,0,0,0,0
Biochemist,"31,000","In chemical labs, gloves and sterility are standard. Gesture navigation of experiment trackers, safety logs, or analysis software would maintain lab safety and speed.",['Safety-Critical Tasks'],0,0,0,0,"31,000",0,0,0,0,0,0,0,0,0,0,0,0,0,0,0,0,0,0,0
Snowplow Driver,"31,000","Navigating icy roads, gesture input could manage route changes, log obstructions, or adjust equipment mid-operation.",['Hands Frequently Full'],0,0,0,0,0,0,0,"31,000",0,0,0,0,0,0,0,0,0,0,0,0,0,0,0,0
Stage Manager (Theater),"30,000","Stage managers coordinate live shows with zero margin for error. Silent, discrete gesture controls could run cue lights, sound triggers, or backstage communication systems invisibly.","['Gestural Cueing for Alerts or Transitions', 'Need for Discreet or Silent Communication', 'Performance Contexts']","30,000","30,000",0,0,0,0,0,0,"30,000",0,0,0,0,0,0,0,0,0,0,0,0,0,0,0
News Camera Operator,"30,000","Camerapeople on fast-paced shoots need to adjust focus, iris, or tracking without taking hands off rigs. Gesture control could modernize field broadcasting.","['Time-Sensitive or High-Paced Environments', 'Field Work with Limited Tech Access']",0,0,0,0,0,0,0,0,0,0,0,"30,000",0,0,0,0,0,"30,000",0,0,0,0,0,0
Tattoo Artist,"30,000","Artists need both hands for precision work and must avoid cross-contamination. Gesture controls could switch needle settings, references, or music without touching surfaces.","['Sterile or Hygiene-Sensitive Settings', 'Multimodal Command Needs']",0,0,"30,000",0,0,0,0,0,0,"30,000",0,0,0,0,0,0,0,0,0,0,0,0,0,0
Professional Golfer,"30,000","Competitive golfers need to manage course stats, swing data, and weather info subtly. Gesture input could allow in-game analysis without disrupting play or focus.","['Environmental Sensitivity (Moisture, Heat, Cold)']",0,0,0,0,0,0,"30,000",0,0,0,0,0,0,0,0,0,0,0,0,0,0,0,0,0
Ski Instructor,"30,000","Instructors operate in cold, snowy conditions while demonstrating complex motions. Gesture input could manage lesson plans, route guides, or client tracking without removing gloves.","['Environmental Sensitivity (Moisture, Heat, Cold)']",0,0,0,0,0,0,"30,000",0,0,0,0,0,0,0,0,0,0,0,0,0,0,0,0,0
Dairy Farmer,"30,000","Milking and livestock care require sanitation and full-body involvement. Gesture inputs could monitor herd health, trigger gate systems, or record feed logs without touching devices.","['Multimodal Command Needs', 'Gestural Cueing for Alerts or Transitions']","30,000",0,"30,000",0,0,0,0,0,0,0,0,0,0,0,0,0,0,0,0,0,0,0,0,0
Pastry Chef,"30,000","Working with delicate ingredients and flour-covered hands, gesture input could control timers, reference recipes, or adjust equipment while maintaining sanitation.",['Hands Frequently Full'],0,0,0,0,0,0,0,"30,000",0,0,0,0,0,0,0,0,0,0,0,0,0,0,0,0
Rooftop HVAC Installer,"30,000","Rooftop units require hands-on labor in dangerous environments. Gesture commands could assist with diagnostics, settings, or documentation while secured.","['Wears Gloves or Hands Often Dirty', 'Multimodal Command Needs', 'Safety-Critical Tasks']",0,0,"30,000","30,000","30,000",0,0,0,0,0,0,0,0,0,0,0,0,0,0,0,0,0,0,0
Sawmill Operator,"30,000","With gloves on and sawdust everywhere, gesture input could adjust blade speed, log maintenance, or signal team alerts without using a screen.","['Team-Based Spatial Work', 'Gestural Cueing for Alerts or Transitions', 'Need for Discreet or Silent Communication']","30,000","30,000",0,0,0,0,0,0,0,0,0,0,0,0,0,0,0,0,0,0,"30,000",0,0,0
Film Grip,"30,000","Handling rigs, dollies, and lighting equipment on set, grips work in tight spaces and under time pressure — gesture control could manage call sheets, safety alerts, or timing without stopping work.","['Hands Frequently Full', 'Safety-Critical Tasks']",0,0,0,0,"30,000",0,0,"30,000",0,0,0,0,0,0,0,0,0,0,0,0,0,0,0,0
Retail Window Dresser,"30,000","Managing props and fragile items, gestures could rotate design files, adjust lighting presets, or log updates while working across multiple locations.",[],0,0,0,0,0,0,0,0,0,0,0,0,0,0,0,0,0,0,0,0,0,0,0,0
Commercial Fisherman,"29,000","Fishermen work in wet, unstable conditions where manual dexterity is impaired. Gesture controls could manage navigation, emergency systems, or equipment monitoring without risking falls or contamination.","['Environmental Sensitivity (Moisture, Heat, Cold)', 'Sterile or Hygiene-Sensitive Settings', 'Visual Focus Must Stay Forward', 'Hands Frequently Full']",0,0,0,0,0,0,"29,000","29,000",0,"29,000",0,0,0,0,0,0,"29,000",0,0,0,0,0,0,0
Amusement Park Ride Operator,"28,000","Operators juggle safety checks, ride timing, and crowd control. Gesture-based systems could trigger ride starts, report issues, or signal attendants even with both hands busy.","['Gestural Cueing for Alerts or Transitions', 'Need for Discreet or Silent Communication', 'Safety-Critical Tasks']","28,000","28,000",0,0,"28,000",0,0,0,0,0,0,0,0,0,0,0,0,0,0,0,0,0,0,0
ER Intake Coordinator,"28,000","Coordinators juggle urgent patients, paperwork, and databases. Gesture input could streamline queue updates, alert teams, or manage digital triage forms touch-free.","['Touch-Free Requirement', 'Gestural Cueing for Alerts or Transitions', 'Safety-Critical Tasks']","28,000",0,0,0,"28,000","28,000",0,0,0,0,0,0,0,0,0,0,0,0,0,0,0,0,0,0
High School Chemistry Teacher,"28,000","Wearing gloves and surrounded by students, gestures could change slides, mark attendance, or launch experiments without a keyboard.",[],0,0,0,0,0,0,0,0,0,0,0,0,0,0,0,0,0,0,0,0,0,0,0,0
Windshield Repair Tech,"28,000","With adhesive, glass shards, and tools in hand, gesture input could update logs, access vehicle data, or request backup.",['Wears Gloves or Hands Often Dirty'],0,0,0,"28,000",0,0,0,0,0,0,0,0,0,0,0,0,0,0,0,0,0,0,0,0
Tree Climbing Arborist,"28,000","Suspended by ropes with tools in hand, gestures could help log tree health, request gear, or signal team members while mid-climb.","['Wears Gloves or Hands Often Dirty', 'Team-Based Spatial Work', 'Gestural Cueing for Alerts or Transitions', 'Need for Discreet or Silent Communication']","28,000","28,000",0,"28,000",0,0,0,0,0,0,0,0,0,0,0,0,0,0,0,0,"28,000",0,0,0
Recycling Sorter,"28,000","With gloves on and moving materials, gesture tools could sort items, flag contamination, or adjust conveyor speed mid-shift.","['Wears Gloves or Hands Often Dirty', 'Sterile or Hygiene-Sensitive Settings']",0,0,0,"28,000",0,0,0,0,0,"28,000",0,0,0,0,0,0,0,0,0,0,0,0,0,0
TV Field Reporter,"27,000","On-location with mic and camera rolling, gestures could cue teleprompters, adjust camera angles, or signal producers without stepping off-screen.","['Gestural Cueing for Alerts or Transitions', 'Need for Discreet or Silent Communication']","27,000","27,000",0,0,0,0,0,0,0,0,0,0,0,0,0,0,0,0,0,0,0,0,0,0
Drone Operator (Enterprise),"25,000","In construction, agriculture, and military settings, drone pilots need to multitask with maps, comms, and flight data. Gesture control could simplify secondary actions while flying.",['Multimodal Command Needs'],0,0,"25,000",0,0,0,0,0,0,0,0,0,0,0,0,0,0,0,0,0,0,0,0,0
Solar Panel Installer,"25,000","Installers work on rooftops with harnesses and tool belts. Gesture inputs could assist with panel calibration, layout verification, or reporting without risking a fall.",['Multimodal Command Needs'],0,0,"25,000",0,0,0,0,0,0,0,0,0,0,0,0,0,0,0,0,0,0,0,0,0
Neonatal ICU Nurse,"25,000","NICU nurses must maintain sterility around highly vulnerable infants. Gesture commands could update monitors, request supplies, or manage shift notes without touching shared devices.",['Multimodal Command Needs'],0,0,"25,000",0,0,0,0,0,0,0,0,0,0,0,0,0,0,0,0,0,0,0,0,0
Costume Designer,"25,000","With pins, thread, and fabrics in hand, designers could use gesture control to reference styles, manage fittings, or toggle client notes.",['Multimodal Command Needs'],0,0,"25,000",0,0,0,0,0,0,0,0,0,0,0,0,0,0,0,0,0,0,0,0,0
Funeral Director,"25,000","Managing somber services with discretion, gesture input could control lighting, media, or cues without breaking solemn tone.",[],0,0,0,0,0,0,0,0,0,0,0,0,0,0,0,0,0,0,0,0,0,0,0,0
Farrier,"25,000","Shoeing horses requires restraint and focus. Gesture tools could help access records, safety checklists, or timer tracking without breaking touch.","['Wears Gloves or Hands Often Dirty', 'High-Volume Repetitive Logging', 'Safety-Critical Tasks']",0,0,0,"25,000","25,000",0,0,0,0,0,0,0,0,"25,000",0,0,0,0,0,0,0,0,0,0
Set Lighting Technician,"25,000","During film shoots, lighting changes must happen instantly and quietly. Gesture control could allow real-time tweaks without interrupting scenes.",['Task Switching Without Losing Flow'],0,0,0,0,0,0,0,0,0,0,"25,000",0,0,0,0,0,0,0,0,0,0,0,0,0
Golf Caddy,"25,000","Caddies carry bags and manage course details. Gesture tools could access swing data, course maps, or weather without pulling out devices.","['Wears Gloves or Hands Often Dirty', 'Multimodal Command Needs', 'Environmental Sensitivity (Moisture, Heat, Cold)']",0,0,"25,000","25,000",0,0,"25,000",0,0,0,0,0,0,0,0,0,0,0,0,0,0,0,0,0
Construction Flagger,"25,000","Positioned in active traffic zones, flaggers could signal site status, trigger signage changes, or report incidents through simple gestures.","['Gestural Cueing for Alerts or Transitions', 'Need for Discreet or Silent Communication']","25,000","25,000",0,0,0,0,0,0,0,0,0,0,0,0,0,0,0,0,0,0,0,0,0,0
Rooftop HVAC Inspector,"25,000","Balancing on angled roofs in extreme heat, gestures could run diagnostics, toggle inspection tools, or log damage while staying stable.","['Wears Gloves or Hands Often Dirty', 'Multimodal Command Needs', 'Hands Frequently Full']",0,0,"25,000","25,000",0,0,0,"25,000",0,0,0,0,0,0,0,0,0,0,0,0,0,0,0,0
Outdoor Yoga Instructor,"25,000","Leading sessions with flow and presence, gestures could control music, timers, or camera angles without breaking the moment.",['Task Switching Without Losing Flow'],0,0,0,0,0,0,0,0,0,0,"25,000",0,0,0,0,0,0,0,0,0,0,0,0,0
Concert Hall Usher,"25,000","During live performances, gestures could direct patrons, manage seat changes, or signal issues without disturbing the show.","['Gestural Cueing for Alerts or Transitions', 'Need for Discreet or Silent Communication', 'Performance Contexts']","25,000","25,000",0,0,0,0,0,0,"25,000",0,0,0,0,0,0,0,0,0,0,0,0,0,0,0
Certified Arborist,"25,000","Pruning trees high up with tools in hand, gestures could toggle notes, track growth, or request equipment without descending.","['Wears Gloves or Hands Often Dirty', 'Multimodal Command Needs', 'Hands Frequently Full']",0,0,"25,000","25,000",0,0,0,"25,000",0,0,0,0,0,0,0,0,0,0,0,0,0,0,0,0
Air Traffic Controller,"24,000","ATC operators handle dozens of simultaneous data streams. Quick, subtle gestures could manage non-critical UI elements like toggling displays without missing critical comms.",[],0,0,0,0,0,0,0,0,0,0,0,0,0,0,0,0,0,0,0,0,0,0,0,0
Hydraulics Technician,"24,000","Often elbow-deep in grease or fluids, technicians could use gestures to access schematics, update logs, or control pressure systems safely.",['Wears Gloves or Hands Often Dirty'],0,0,0,"24,000",0,0,0,0,0,0,0,0,0,0,0,0,0,0,0,0,0,0,0,0
Hospital Linen Services Tech,"24,000","Managing high-volume laundry with gloves and carts, gestures could track load counts, log cycle times, or flag machine issues.",[],0,0,0,0,0,0,0,0,0,0,0,0,0,0,0,0,0,0,0,0,0,0,0,0
Biomedical Engineer,"23,000","In hospital settings, engineers must test or adjust devices under sterile conditions. Gesture inputs could safely manage diagnostics, calibrations, or logs.","['Sterile or Hygiene-Sensitive Settings', 'Multimodal Command Needs']",0,0,"23,000",0,0,0,0,0,0,"23,000",0,0,0,0,0,0,0,0,0,0,0,0,0,0
Occupational Health Inspector,"22,000","Inspectors navigate active worksites. Gesture tools could record violations, toggle code references, or summon emergency contacts while hands remain free.","['Wears Gloves or Hands Often Dirty', 'Multimodal Command Needs']",0,0,"22,000","22,000",0,0,0,0,0,0,0,0,0,0,0,0,0,0,0,0,0,0,0,0
Firearms Cleaner,"22,000","Handling lubricants and parts, gesture input could toggle manuals, log calibers, or manage safety protocols without contaminating devices.","['Multimodal Command Needs', 'Safety-Critical Tasks']",0,0,"22,000",0,"22,000",0,0,0,0,0,0,0,0,0,0,0,0,0,0,0,0,0,0,0
Event Emcee,"22,000","Mid-performance with mic in hand, gestures could cue slides, adjust lights, or manage time without touching remotes.","['Gestural Cueing for Alerts or Transitions', 'Need for Discreet or Silent Communication', 'Performance Contexts']","22,000","22,000",0,0,0,0,0,0,"22,000",0,0,0,0,0,0,0,0,0,0,0,0,0,0,0
Horse Ranch Manager,"22,000","Balancing animal care and staff coordination, gesture input could track feed cycles, vet visits, or gate schedules hands-free.","['Touch-Free Requirement', 'Hands Frequently Full']",0,0,0,0,0,"22,000",0,"22,000",0,0,0,0,0,0,0,0,0,0,0,0,0,0,0,0
Orthopedic Surgeon,"21,000","Handling surgical implants demands sterile, precise workflows. Gesture control could manipulate medical imaging or surgical robotic aids without breaking focus or contamination protocols.",['Sterile or Hygiene-Sensitive Settings'],0,0,0,0,0,0,0,0,0,"21,000",0,0,0,0,0,0,0,0,0,0,0,0,0,0
Radiation Technician,"21,000","Wearing lead PPE and managing precise machines, gesture input could operate settings, log exposures, or adjust imaging while maintaining sterility.",['Multimodal Command Needs'],0,0,"21,000",0,0,0,0,0,0,0,0,0,0,0,0,0,0,0,0,0,0,0,0,0
Power Plant Control Room Tech,"21,000","Surrounded by panels and alerts, gesture tools could toggle views, flag anomalies, or annotate dashboards while staying focused.","['Wears Gloves or Hands Often Dirty', 'Multimodal Command Needs']",0,0,"21,000","21,000",0,0,0,0,0,0,0,0,0,0,0,0,0,0,0,0,0,0,0,0
Dog Trainer,"20,000","Trainers must maintain constant nonverbal communication with animals. Gesture-based systems could log behaviors, adjust training plans, or manage timers seamlessly.",['Need for Discreet or Silent Communication'],0,"20,000",0,0,0,0,0,0,0,0,0,0,0,0,0,0,0,0,0,0,0,0,0,0
Road Construction Flag Operator,"20,000","Managing traffic flow with one hand while maintaining safety, gesture commands could update crews or signal equipment mid-flag.","['One-Handed or Asymmetric Work', 'Gestural Cueing for Alerts or Transitions', 'Hands Frequently Full', 'Task Switching Without Losing Flow']","20,000",0,0,0,0,0,0,"20,000",0,0,"20,000",0,"20,000",0,0,0,0,0,0,0,0,0,0,0
Film Makeup Artist,"20,000","Artists can’t step away mid-application. Gesture input could manage lighting setups, pull reference looks, or update rosters while maintaining hygiene.",['Sterile or Hygiene-Sensitive Settings'],0,0,0,0,0,0,0,0,0,"20,000",0,0,0,0,0,0,0,0,0,0,0,0,0,0
Bicycle Mechanic,"20,000","With grease-covered hands and tight tools, gesture tools could toggle parts diagrams, log repairs, or order parts.","['Wears Gloves or Hands Often Dirty', 'Multimodal Command Needs']",0,0,"20,000","20,000",0,0,0,0,0,0,0,0,0,0,0,0,0,0,0,0,0,0,0,0
Indoor Agriculture Technician,"20,000","Surrounded by artificial lighting and vertical planters, gestures could adjust light cycles, log moisture, or capture growth metrics.","['Environmental Sensitivity (Moisture, Heat, Cold)']",0,0,0,0,0,0,"20,000",0,0,0,0,0,0,0,0,0,0,0,0,0,0,0,0,0
Cruise Ship Deckhand,"20,000","Tying lines, hoisting equipment, and staying mobile, gesture control could update logs, trigger deck lighting, or log safety drills.","['Constant Motion / Mobile Work', 'Hands Frequently Full', 'Gestural Cueing for Alerts or Transitions', 'Safety-Critical Tasks']","20,000",0,0,0,"20,000",0,0,"20,000",0,0,0,0,0,0,0,"20,000",0,0,0,0,0,0,0,0
Public Transit Sanitation Worker,"20,000","Cleaning buses and trains in tight timing windows, gestures could mark zones, flag hazards, or log tasks hands-free.",['Touch-Free Requirement'],0,0,0,0,0,"20,000",0,0,0,0,0,0,0,0,0,0,0,0,0,0,0,0,0,0
Pot Grower (Legal Facilities),"20,000","Inside sanitized grow rooms, gesture input could toggle lights, log nutrient levels, or snap plant health photos without gloves off.","['Sterile or Hygiene-Sensitive Settings', 'Multimodal Command Needs']",0,0,"20,000",0,0,0,0,0,0,"20,000",0,0,0,0,0,0,0,0,0,0,0,0,0,0
Cheesemonger,"20,000","Slicing and handling cheeses, gestures could manage orders, rotate inventory, or pull up pairing suggestions in front of customers.",[],0,0,0,0,0,0,0,0,0,0,0,0,0,0,0,0,0,0,0,0,0,0,0,0
Ornamental Ironworker,"20,000","With sparks flying and tools in motion, gesture input could rotate schematics, log welds, or cue measurements without removing gloves.","['Wears Gloves or Hands Often Dirty', 'Gestural Cueing for Alerts or Transitions', 'Need for Discreet or Silent Communication']","20,000","20,000",0,"20,000",0,0,0,0,0,0,0,0,0,0,0,0,0,0,0,0,0,0,0,0
Crime Scene Investigator,"19,000","CSIs need to preserve evidence and avoid contamination. Gesture-based photo capture, note-tagging, or evidence logging could maintain workflow integrity without introducing contaminants.","['Sterile or Hygiene-Sensitive Settings', 'High-Volume Repetitive Logging']",0,0,0,0,0,0,0,0,0,"19,000",0,0,0,"19,000",0,0,0,0,0,0,0,0,0,0
Zookeeper,"19,000","Zookeepers manage dangerous animals and sanitation standards. Gesture-based logging of animal behavior, feeding schedules, or emergency triggers could improve safety.","['High-Volume Repetitive Logging', 'Safety-Critical Tasks']",0,0,0,0,"19,000",0,0,0,0,0,0,0,0,"19,000",0,0,0,0,0,0,0,0,0,0
Museum Educator,"19,000","Leading groups through exhibits, educators could use gestures to trigger interactive displays, manage pacing, or track attendance without breaking engagement.",['Gestural Cueing for Alerts or Transitions'],"19,000",0,0,0,0,0,0,0,0,0,0,0,0,0,0,0,0,0,0,0,0,0,0,0
Horseback Riding Instructor,"19,000","While guiding students and horses, gesture input could manage lessons, timers, or safety checks without losing reins or focus.",['Safety-Critical Tasks'],0,0,0,0,"19,000",0,0,0,0,0,0,0,0,0,0,0,0,0,0,0,0,0,0,0
Agricultural Irrigation Specialist,"19,000","Walking fields with hoses and valves, gesture input could adjust flow levels, report leaks, or update watering schedules without getting devices wet.","['Constant Motion / Mobile Work', 'Multimodal Command Needs', 'Task Switching Without Losing Flow', 'Environmental Sensitivity (Moisture, Heat, Cold)']",0,0,"19,000",0,0,0,"19,000",0,0,0,"19,000",0,0,0,0,"19,000",0,0,0,0,0,0,0,0
Forensic Scientist,"18,000","In forensic labs, evidence handling rules out frequent hand-washing for device interaction. Gesture navigation through databases or records could improve data security and integrity.",['High-Volume Repetitive Logging'],0,0,0,0,0,0,0,0,0,0,0,0,0,"18,000",0,0,0,0,0,0,0,0,0,0
Court Reporter,"18,000",Reporters must maintain focus on capturing verbal proceedings without interrupting court flow. Gesture-based controls could adjust recording settings or timestamps silently.,"['Multimodal Command Needs', 'Task Switching Without Losing Flow', 'Performance Contexts']",0,0,"18,000",0,0,0,0,0,"18,000",0,"18,000",0,0,0,0,0,0,0,0,0,0,0,0,0
Wildlife Biologist,"18,000","In field research, biologists need to track animals, navigate terrain, and record data hands-free. Gesture controls could help mark locations, snap photos, or tag species mid-hike.","['Touch-Free Requirement', 'Field Work with Limited Tech Access']",0,0,0,0,0,"18,000",0,0,0,0,0,"18,000",0,0,0,0,0,0,0,0,0,0,0,0
Custom Cabinet Maker,"18,000","Working with sawdust-covered gloves and precision tools, gesture controls could shift plans, manage cutlists, or trigger machines while preserving accuracy.","['Wears Gloves or Hands Often Dirty', 'Gestural Cueing for Alerts or Transitions']","18,000",0,0,"18,000",0,0,0,0,0,0,0,0,0,0,0,0,0,0,0,0,0,0,0,0
Golf Course Groundskeeper,"18,000","Often wearing gloves and covered in debris, groundskeepers could use gestures to log maintenance tasks, check irrigation, or route equipment.",['Hands Frequently Full'],0,0,0,0,0,0,0,"18,000",0,0,0,0,0,0,0,0,0,0,0,0,0,0,0,0
VFX Artist (Motion Capture),"18,000","During shoots, artists need to record gestures and navigate digital environments simultaneously. Gesture control could streamline modeling and previewing tasks.",[],0,0,0,0,0,0,0,0,0,0,0,0,0,0,0,0,0,0,0,0,0,0,0,0
Laser Cutter Operator,"18,000","Working with precise, often dangerous equipment, gesture control could manage cut files, preview paths, or pause jobs with minimal motion.","['Hands Frequently Full', 'Safety-Critical Tasks']",0,0,0,0,"18,000",0,0,"18,000",0,0,0,0,0,0,0,0,0,0,0,0,0,0,0,0
Combat Medic,"18,000","Under fire or chaos, medics need hands free. Gesture-controlled HUDs could show vitals, med kits, or GPS extractions during trauma response.",[],0,0,0,0,0,0,0,0,0,0,0,0,0,0,0,0,0,0,0,0,0,0,0,0
Pipeline Inspector,"18,000","Working in rural areas or underground, gesture input could log corrosion, mark GPS locations, or summon data without pulling out equipment.",['Hands Frequently Full'],0,0,0,0,0,0,0,"18,000",0,0,0,0,0,0,0,0,0,0,0,0,0,0,0,0
Lab Animal Technician,"18,000","Wearing gloves in sterile cages, gesture input could log animal behavior, feeding, or cleaning rounds hands-free.","['Sterile or Hygiene-Sensitive Settings', 'Touch-Free Requirement']",0,0,0,0,0,"18,000",0,0,0,"18,000",0,0,0,0,0,0,0,0,0,0,0,0,0,0
Bakery Delivery Driver,"18,000","Juggling hot trays and orders, gestures could confirm drop-offs, check manifests, or alert shops without needing a touchscreen.","['Environmental Sensitivity (Moisture, Heat, Cold)', 'Gestural Cueing for Alerts or Transitions', 'Safety-Critical Tasks']","18,000",0,0,0,"18,000",0,"18,000",0,0,0,0,0,0,0,0,0,0,0,0,0,0,0,0,0
Kids’ Science Museum Staff,"18,000","Managing interactive exhibits with sticky fingers and curious crowds, gestures could control displays, cue demos, or flag maintenance without touching devices.","['Multimodal Command Needs', 'Gestural Cueing for Alerts or Transitions', 'Need for Discreet or Silent Communication']","18,000","18,000","18,000",0,0,0,0,0,0,0,0,0,0,0,0,0,0,0,0,0,0,0,0,0
Mobile Farm Vet,"18,000","Visiting barns and fields, gesture tools could update charts, capture images, or set medication timers hands-free.","['Wears Gloves or Hands Often Dirty', 'Touch-Free Requirement']",0,0,0,"18,000",0,"18,000",0,0,0,0,0,0,0,0,0,0,0,0,0,0,0,0,0,0
Sound Engineer,"17,000","In dark or loud venues, engineers juggle multiple boards and devices. Gesture control could allow silent mic checks, lighting adjustments, or mix tweaks mid-show.","['Multimodal Command Needs', 'Dim or Low-Light Workspaces', 'Noisy Environments (Voice Input Unreliable)', 'Need for Discreet or Silent Communication']",0,"17,000","17,000",0,0,0,0,0,0,0,0,0,0,0,"17,000",0,0,0,"17,000",0,0,0,0,0
Horse Trainer,"17,000","Mid-session with animals, gestures could log behaviors, play commands, or toggle training routines without disrupting trust.","['Multimodal Command Needs', 'Performance Contexts']",0,0,"17,000",0,0,0,0,0,"17,000",0,0,0,0,0,0,0,0,0,0,0,0,0,0,0
Metal Foundry Worker,"17,000","Surrounded by molten metal and high PPE, gesture control could log batches, monitor temps, or signal safety concerns without removing gloves.","['Gestural Cueing for Alerts or Transitions', 'Need for Discreet or Silent Communication', 'Safety-Critical Tasks']","17,000","17,000",0,0,"17,000",0,0,0,0,0,0,0,0,0,0,0,0,0,0,0,0,0,0,0
Embroidery Machine Operator,"16,000","Handling fabric and thread with precision, gesture input could load patterns, pause runs, or track batches without physical touch.",[],0,0,0,0,0,0,0,0,0,0,0,0,0,0,0,0,0,0,0,0,0,0,0,0
Hay Baler Operator,"16,000","Working machinery on bumpy terrain, gestures could control compactors, log bale counts, or check equipment without climbing down.","['Field Work with Limited Tech Access', 'Hands Frequently Full']",0,0,0,0,0,0,0,"16,000",0,0,0,"16,000",0,0,0,0,0,0,0,0,0,0,0,0
Wood Lathe Operator,"16,000","Hands full with spinning blades and shavings, gesture control could switch modes, mark finishes, or record footage without contamination.","['Sterile or Hygiene-Sensitive Settings', 'Multimodal Command Needs', 'Hands Frequently Full']",0,0,"16,000",0,0,0,0,"16,000",0,"16,000",0,0,0,0,0,0,0,0,0,0,0,0,0,0
Mobile Auto Glass Installer,"16,000","Working in driveways or roadside with tools in hand, gesture input could trigger safety checklists, log installs, or pull up diagrams without pausing.","['Wears Gloves or Hands Often Dirty', 'Gestural Cueing for Alerts or Transitions', 'Safety-Critical Tasks']","16,000",0,0,"16,000","16,000",0,0,0,0,0,0,0,0,0,0,0,0,0,0,0,0,0,0,0
Offshore Oil Rig Worker,"15,000","Workers deal with harsh environments, gloves, and constant motion. Gesture-controlled systems could assist with communications, monitoring, or alarms safely.",['Visual Focus Must Stay Forward'],0,0,0,0,0,0,0,0,0,0,0,0,0,0,0,0,"15,000",0,0,0,0,0,0,0
Park Ranger,"15,000","Rangers patrol large wilderness areas while needing access to maps, wildlife logs, and comms. Gesture inputs could allow safer, faster navigation without stopping.",['Multimodal Command Needs'],0,0,"15,000",0,0,0,0,0,0,0,0,0,0,0,0,0,0,0,0,0,0,0,0,0
Industrial Hygienist,"15,000","Working in contamination-risk zones, hygienists often wear PPE. Gesture input could streamline inspections, logging, and air quality monitoring safely.","['Sterile or Hygiene-Sensitive Settings', 'Visual Focus Must Stay Forward', 'High-Volume Repetitive Logging']",0,0,0,0,0,0,0,0,0,"15,000",0,0,0,"15,000",0,0,"15,000",0,0,0,0,0,0,0
Robotics Technician,"15,000",Debugging robots often requires being both hands-on and navigating complex diagnostic systems. Gesture control could streamline multi-device troubleshooting.,['Wears Gloves or Hands Often Dirty'],0,0,0,"15,000",0,0,0,0,0,0,0,0,0,0,0,0,0,0,0,0,0,0,0,0
Stage Actor,"15,000","On stage, actors can’t manually control prompts, lighting, or monitors. Subtle gestures could trigger cues, audio playback, or screen changes invisibly.","['Gestural Cueing for Alerts or Transitions', 'Performance Contexts']","15,000",0,0,0,0,0,0,0,"15,000",0,0,0,0,0,0,0,0,0,0,0,0,0,0,0
Street Musician,"15,000","Performing with instruments means no spare hands. Gesture input could manage loops, volume, or track changes while maintaining performance energy.",['Performance Contexts'],0,0,0,0,0,0,0,0,"15,000",0,0,0,0,0,0,0,0,0,0,0,0,0,0,0
Midwife,"15,000","Midwives support laboring mothers in intimate, high-stress conditions. Gesture control could document contractions, summon assistance, or manage soothing music mid-delivery.",[],0,0,0,0,0,0,0,0,0,0,0,0,0,0,0,0,0,0,0,0,0,0,0,0
Fire Marshal,"15,000","Inspecting active buildings demands focus and quick response. Gesture controls could assist with code references, report logs, or hazard tagging during walkthroughs.","['Time-Sensitive or High-Paced Environments', 'Safety-Critical Tasks']",0,0,0,0,"15,000",0,0,0,0,0,0,0,0,0,0,0,0,"15,000",0,0,0,0,0,0
Film Director (On Set),"15,000","Directors coordinate dozens of moving parts. Gesture tools could manage shot review, cue playback, or communicate silently with crew mid-scene.","['Wears Gloves or Hands Often Dirty', 'Gestural Cueing for Alerts or Transitions', 'Need for Discreet or Silent Communication']","15,000","15,000",0,"15,000",0,0,0,0,0,0,0,0,0,0,0,0,0,0,0,0,0,0,0,0
Ballet Dancer,"15,000","During rehearsal or performance, gestures could control mirrors, playback, or lighting for training feedback without breaking flow.","['Task Switching Without Losing Flow', 'Performance Contexts']",0,0,0,0,0,0,0,0,"15,000",0,"15,000",0,0,0,0,0,0,0,0,0,0,0,0,0
Haunted House Actor,"15,000","In costume with guests nearby, gesture triggers could cue effects, sync lighting, or silently flag security concerns.","['Gestural Cueing for Alerts or Transitions', 'Need for Discreet or Silent Communication']","15,000","15,000",0,0,0,0,0,0,0,0,0,0,0,0,0,0,0,0,0,0,0,0,0,0
Snowboard Instructor,"15,000","Teaching students on snowy slopes, gestures could manage routes, safety signals, or adjust lesson plans while gloves stay on.",['Safety-Critical Tasks'],0,0,0,0,"15,000",0,0,0,0,0,0,0,0,0,0,0,0,0,0,0,0,0,0,0
Sandblasting Technician,"15,000","Covered head to toe, gestures could toggle airflow, switch safety systems, or log parts while hands remain sealed.","['Multimodal Command Needs', 'Safety-Critical Tasks']",0,0,"15,000",0,"15,000",0,0,0,0,0,0,0,0,0,0,0,0,0,0,0,0,0,0,0
Mobile Blood Donation Nurse,"15,000","Working inside vans with tight space and patient flow, gestures could toggle systems, log donations, or monitor vitals touch-free.","['Touch-Free Requirement', 'Multimodal Command Needs', 'Task Switching Without Losing Flow', 'Irregular or Constrained Environments']",0,0,"15,000",0,0,"15,000",0,0,0,0,"15,000",0,0,0,0,0,0,0,0,"15,000",0,0,0,0
Construction Crane Spotter,"15,000","Standing in noisy, dangerous zones with line-of-sight to operators, spotters could use gestures to signal precise instructions or log progress without radios.","['Need for Discreet or Silent Communication', 'Gestural Cueing for Alerts or Transitions', 'Noisy Environments (Voice Input Unreliable)', 'Safety-Critical Tasks']","15,000","15,000",0,0,"15,000",0,0,0,0,0,0,0,0,0,0,0,0,0,"15,000",0,0,0,0,0
Surf Lifeguard,"15,000","On high-alert in noisy beach environments, gestures could signal for help, update swimmer counts, or mark incidents while keeping eyes on water.","['Need for Discreet or Silent Communication', 'Gestural Cueing for Alerts or Transitions', 'Noisy Environments (Voice Input Unreliable)', 'Safety-Critical Tasks']","15,000","15,000",0,0,"15,000",0,0,0,0,0,0,0,0,0,0,0,0,0,"15,000",0,0,0,0,0
Mobile Hair Stylist,"15,000","Working in homes or events with scissors or chemicals, gestures could cue music, check appointments, or log products without stopping work.","['Gestural Cueing for Alerts or Transitions', 'Need for Discreet or Silent Communication']","15,000","15,000",0,0,0,0,0,0,0,0,0,0,0,0,0,0,0,0,0,0,0,0,0,0
Medieval Fair Performer,"15,000","In armor or historical dress, gestures could cue music, flag issues, or control props without breaking the illusion.","['Gestural Cueing for Alerts or Transitions', 'Need for Discreet or Silent Communication']","15,000","15,000",0,0,0,0,0,0,0,0,0,0,0,0,0,0,0,0,0,0,0,0,0,0
Sandblaster,"15,000","Covered in grit with full-body suits, gesture input could manage flow rates, log maintenance, or signal coworkers without removing gear.","['Task Switching Without Losing Flow', 'Gestural Cueing for Alerts or Transitions', 'Need for Discreet or Silent Communication']","15,000","15,000",0,0,0,0,0,0,0,0,"15,000",0,0,0,0,0,0,0,0,0,0,0,0,0
Busker (Street Performer),"15,000","While mid-song or juggling, gestures could trigger background tracks, mark setlists, or signal crowd safety issues.","['Gestural Cueing for Alerts or Transitions', 'Need for Discreet or Silent Communication', 'Safety-Critical Tasks']","15,000","15,000",0,0,"15,000",0,0,0,0,0,0,0,0,0,0,0,0,0,0,0,0,0,0,0
Livestock Veterinarian,"14,000","Vets in barns or fields often manage large animals alone. Gesture inputs could log treatments, access histories, or signal assistance while restraining the animal.","['Multimodal Command Needs', 'Gestural Cueing for Alerts or Transitions', 'Need for Discreet or Silent Communication']","14,000","14,000","14,000",0,0,0,0,0,0,0,0,0,0,0,0,0,0,0,0,0,0,0,0,0
Utility Pole Inspector,"14,000","Working at heights in harsh conditions, inspectors could use gestures to capture faults, log positions, or navigate utility maps.",[],0,0,0,0,0,0,0,0,0,0,0,0,0,0,0,0,0,0,0,0,0,0,0,0
Aircraft Refueler,"14,000","Handling volatile fuel and grounded tarmac operations, gesture input could manage diagnostics, safety checks, or radio pings with gloves on.",['Safety-Critical Tasks'],0,0,0,0,"14,000",0,0,0,0,0,0,0,0,0,0,0,0,0,0,0,0,0,0,0
Pet Adoption Counselor,"14,000","With animals and excited people in the mix, gesture tools could log matches, update profiles, or flag concerns while engaging face-to-face.",['Wears Gloves or Hands Often Dirty'],0,0,0,"14,000",0,0,0,0,0,0,0,0,0,0,0,0,0,0,0,0,0,0,0,0
Railroad Signal Maintainer,"14,000","Working outdoors near moving trains, gesture tools could test systems, log faults, or signal dispatch hands-free.","['Touch-Free Requirement', 'Environmental Sensitivity (Moisture, Heat, Cold)', 'Gestural Cueing for Alerts or Transitions', 'Wears Gloves or Hands Often Dirty']","14,000",0,0,"14,000",0,"14,000","14,000",0,0,0,0,0,0,0,0,0,0,0,0,0,0,0,0,0
Large Animal Vet Tech,"14,000","Managing livestock during exams, gestures could assist with chart updates, imaging toggles, or safety flags without breaking contact.",['Safety-Critical Tasks'],0,0,0,0,"14,000",0,0,0,0,0,0,0,0,0,0,0,0,0,0,0,0,0,0,0
Water Sampling Technician,"14,000","Working at lakes, rivers, or treatment plants, gesture tools could log locations, toggle testing kits, or mark contaminants while gloved and wet.","['Wears Gloves or Hands Often Dirty', 'Multimodal Command Needs', 'Environmental Sensitivity (Moisture, Heat, Cold)']",0,0,"14,000","14,000",0,0,"14,000",0,0,0,0,0,0,0,0,0,0,0,0,0,0,0,0,0
Wind Turbine Technician,"13,000","Techs work high above ground in tiny nacelles. Gesture inputs could manage diagnostics, safety checks, or maintenance logs while both hands stay secured.","['Multimodal Command Needs', 'Safety-Critical Tasks']",0,0,"13,000",0,"13,000",0,0,0,0,0,0,0,0,0,0,0,0,0,0,0,0,0,0,0
Museum Conservator,"13,000","Handling fragile artifacts demands extreme care. Gesture controls could manage catalogs, environmental readings, or treatment plans without risking damage.",[],0,0,0,0,0,0,0,0,0,0,0,0,0,0,0,0,0,0,0,0,0,0,0,0
Window Cleaner (High-Rise),"13,000","Dangling from harnesses with water-fed tools, cleaners can’t access phones or radios easily. Gesture commands could allow communication, progress updates, or route changes.",['Wears Gloves or Hands Often Dirty'],0,0,0,"13,000",0,0,0,0,0,0,0,0,0,0,0,0,0,0,0,0,0,0,0,0
Emergency Tent Medic,"13,000","In disaster zones, gloves and mobility are key — gesture input could cue supply requests, record vitals, or manage triage lists quickly.","['Gestural Cueing for Alerts or Transitions', 'Need for Discreet or Silent Communication']","13,000","13,000",0,0,0,0,0,0,0,0,0,0,0,0,0,0,0,0,0,0,0,0,0,0
K-9 Unit Officer,"13,000","While handling trained dogs in high-stress environments, gesture control could update search logs, call for assistance, or trigger audio/video capture without breaking focus.",['Gestural Cueing for Alerts or Transitions'],"13,000",0,0,0,0,0,0,0,0,0,0,0,0,0,0,0,0,0,0,0,0,0,0,0
Theater Lighting Technician,"12,000","Up on catwalks or backstage, techs often can’t reach consoles easily. Gesture controls could focus lights, shift presets, or trigger effects silently.","['Objects or Screens are Out of Reach', 'Gestural Cueing for Alerts or Transitions']","12,000",0,0,0,0,0,0,0,0,0,0,0,0,0,0,0,0,0,0,0,0,0,"12,000",0
Aquarium Technician,"12,000","Working in tanks or with water filtration systems, gesture input could manage logs, perform diagnostics, or operate remote valves without touching damp surfaces.","['Objects or Screens are Out of Reach', 'Field Work with Limited Tech Access']",0,0,0,0,0,0,0,0,0,0,0,"12,000",0,0,0,0,0,0,0,0,0,0,"12,000",0
Forest Firefighter,"12,000","Fighting wildfires with full gear and visibility issues, gesture-based comms or map overlays could be crucial for survival and coordination.",[],0,0,0,0,0,0,0,0,0,0,0,0,0,0,0,0,0,0,0,0,0,0,0,0
Utility Line Tree Surveyor,"12,000","In forests and suburban streets, surveyors juggle binoculars, maps, and GPS. Gesture tools could mark hazard zones or update route data hands-free.","['Wears Gloves or Hands Often Dirty', 'Touch-Free Requirement', 'Safety-Critical Tasks']",0,0,0,"12,000","12,000","12,000",0,0,0,0,0,0,0,0,0,0,0,0,0,0,0,0,0,0
Drone Videographer,"12,000","With hands on controls and eyes on the sky, gestures could manage lighting settings, log shots, or adjust overlays during flight.",['Multimodal Command Needs'],0,0,"12,000",0,0,0,0,0,0,0,0,0,0,0,0,0,0,0,0,0,0,0,0,0
Cheesemaker,"12,000","Working with pasteurized curds in damp environments, gesture control could manage time logs, sanitation checklists, or recipes.",[],0,0,0,0,0,0,0,0,0,0,0,0,0,0,0,0,0,0,0,0,0,0,0,0
Cemetery Groundskeeper,"12,000","Covered in soil and moving equipment, gesture input could update logs, flag damage, or check landscaping tasks without a device.",['Hands Frequently Full'],0,0,0,0,0,0,0,"12,000",0,0,0,0,0,0,0,0,0,0,0,0,0,0,0,0
Pottery Studio Instructor,"12,000","Hands coated in clay, instructors could use gestures to control timers, play videos, or adjust lighting without contaminating devices.",['Multimodal Command Needs'],0,0,"12,000",0,0,0,0,0,0,0,0,0,0,0,0,0,0,0,0,0,0,0,0,0
Candle Maker,"12,000","Surrounded by wax and heat, gesture input could switch molds, track cooling cycles, or log scents without messy touchscreens.","['Wears Gloves or Hands Often Dirty', 'Multimodal Command Needs']",0,0,"12,000","12,000",0,0,0,0,0,0,0,0,0,0,0,0,0,0,0,0,0,0,0,0
Welding Instructor,"12,000","While demoing in dark gear, gesture input could pause videos, highlight technique, or toggle helmet cams without touching anything.","['Multimodal Command Needs', 'Dim or Low-Light Workspaces']",0,0,"12,000",0,0,0,0,0,0,0,0,0,0,0,"12,000",0,0,0,0,0,0,0,0,0
Gas Leak Technician,"12,000","Entering hazardous zones with sensors, gesture control could trigger readouts, signal evac, or log readings with PPE on.","['Gestural Cueing for Alerts or Transitions', 'Need for Discreet or Silent Communication']","12,000","12,000",0,0,0,0,0,0,0,0,0,0,0,0,0,0,0,0,0,0,0,0,0,0
Police Drone Operator,"12,000","Eyes on surveillance footage and hands on controls, gesture input could tag suspects, toggle overlays, or log actions hands-free.","['Touch-Free Requirement', 'Multimodal Command Needs']",0,0,"12,000",0,0,"12,000",0,0,0,0,0,0,0,0,0,0,0,0,0,0,0,0,0,0
Carnival Game Operator,"12,000","With constant customer flow and handling prizes, gestures could manage timers, track scores, or reset games without leaving the booth.","['Task Switching Without Losing Flow', 'Public-Facing with Frequent Interruptions']",0,0,0,0,0,0,0,0,0,0,"12,000",0,0,0,0,0,0,0,0,0,0,"12,000",0,0
Elderly Fitness Instructor,"12,000","Guiding low-impact sessions with at-risk populations, gestures could start timers, cue music, or adjust settings while maintaining flow and safety.","['Multimodal Command Needs', 'Gestural Cueing for Alerts or Transitions', 'Task Switching Without Losing Flow', 'Need for Discreet or Silent Communication']","12,000","12,000","12,000",0,0,0,0,0,0,0,"12,000",0,0,0,0,0,0,0,0,0,0,0,0,0
Carnival Parade Performer,"12,000","Dancing in crowded routes and holding props, gesture inputs could trigger sound effects, coordinate turns, or activate visuals mid-performance.","['Multimodal Command Needs', 'One-Handed or Asymmetric Work', 'Gestural Cueing for Alerts or Transitions', 'Noisy Environments (Voice Input Unreliable)']","12,000",0,"12,000",0,0,0,0,0,0,0,0,0,"12,000",0,0,0,0,0,"12,000",0,0,0,0,0
Dockside Crane Operator,"12,000","In cabins high above cargo, gestures could rotate container manifests, confirm loads, or flag alignment issues without stopping the lift.",[],0,0,0,0,0,0,0,0,0,0,0,0,0,0,0,0,0,0,0,0,0,0,0,0
Recycling Plant Spotter,"12,000","Monitoring conveyor belts for hazards, gesture controls could divert materials, flag jams, or cue system alerts without stopping flow.","['Visual Focus Must Stay Forward', 'Task Switching Without Losing Flow', 'Gestural Cueing for Alerts or Transitions', 'Need for Discreet or Silent Communication']","12,000","12,000",0,0,0,0,0,0,0,0,"12,000",0,0,0,0,0,"12,000",0,0,0,0,0,0,0
Ski Patrol,"11,000","On the slopes, ski patrollers work with bulky gloves and limited time. Gesture-based radios, mapping tools, or injury logs could be critical when operating in freezing conditions.","['Wears Gloves or Hands Often Dirty', 'Safety-Critical Tasks']",0,0,0,"11,000","11,000",0,0,0,0,0,0,0,0,0,0,0,0,0,0,0,0,0,0,0
AI Robotics Test Engineer,"11,000",Testing robots often requires simultaneous hand gestures and software input. A gesture-aware system could optimize debugging or response capture in real time.,[],0,0,0,0,0,0,0,0,0,0,0,0,0,0,0,0,0,0,0,0,0,0,0,0
Bridge Inspector,"11,000","Suspended under bridges or navigating girders, inspectors need both hands for stability. Gesture input could capture data, switch maps, or log defects without pulling out a device.",['Multimodal Command Needs'],0,0,"11,000",0,0,0,0,0,0,0,0,0,0,0,0,0,0,0,0,0,0,0,0,0
Climbing Gym Staff,"11,000","While monitoring belays and setting routes, staff could trigger timers, log climber stats, or manage lighting without walking away.","['Constant Motion / Mobile Work', 'Visual Focus Must Stay Forward', 'Gestural Cueing for Alerts or Transitions']","11,000",0,0,0,0,0,0,0,0,0,0,0,0,0,0,"11,000","11,000",0,0,0,0,0,0,0
Art Conservator,"11,000","With delicate and priceless works under hand, gesture control could navigate documentation, lighting settings, or zoom photos while gloved.",['Multimodal Command Needs'],0,0,"11,000",0,0,0,0,0,0,0,0,0,0,0,0,0,0,0,0,0,0,0,0,0
Snow Shoveling Crew Leader,"11,000","In freezing conditions with tools in-hand, gesture input could assign zones, log hours, or trigger alerts without breaking stride.","['Wears Gloves or Hands Often Dirty', 'Gestural Cueing for Alerts or Transitions']","11,000",0,0,"11,000",0,0,0,0,0,0,0,0,0,0,0,0,0,0,0,0,0,0,0,0
Industrial Bakery Conveyor Operator,"11,000","Hands dusted in flour and moving quickly, gesture tools could pause belts, flag jams, or adjust portions on the fly.",['Wears Gloves or Hands Often Dirty'],0,0,0,"11,000",0,0,0,0,0,0,0,0,0,0,0,0,0,0,0,0,0,0,0,0
Search and Rescue Worker,"10,000","SAR workers operate in debris, disaster zones, or forests. Hands-free mapping, location marking, or team communication through gestures could save critical seconds.","['Touch-Free Requirement', 'Team-Based Spatial Work']",0,0,0,0,0,"10,000",0,0,0,0,0,0,0,0,0,0,0,0,0,0,"10,000",0,0,0
Prosthetist,"10,000","Fitting prosthetics demands both hands and patient interaction. Gesture controls could manage fitting records, 3D scans, or adjustment schematics hands-free.","['Touch-Free Requirement', 'High-Volume Repetitive Logging']",0,0,0,0,0,"10,000",0,0,0,0,0,0,0,"10,000",0,0,0,0,0,0,0,0,0,0
Brewery Technician,"10,000","Brewing involves large equipment, wet floors, and strict hygiene. Gesture controls could assist with batch monitoring, cleaning schedules, and alerts without breaking sanitary protocols.","['Environmental Sensitivity (Moisture, Heat, Cold)', 'Sterile or Hygiene-Sensitive Settings', 'Visual Focus Must Stay Forward', 'Hands Frequently Full']",0,0,0,0,0,0,"10,000","10,000",0,"10,000",0,0,0,0,0,0,"10,000",0,0,0,0,0,0,0
Firearms Instructor,"10,000","Instructors must maintain total safety awareness. Gesture-based systems could manage timers, scoring, or range announcements without lowering attention from participants.",['Safety-Critical Tasks'],0,0,0,0,"10,000",0,0,0,0,0,0,0,0,0,0,0,0,0,0,0,0,0,0,0
Prosthetics Fitter,"10,000","Adjusting prosthetics is highly physical and client-facing. Gesture input could manage calibration data, design toggles, or outcome tracking while engaged.",['Data/Interface Control While Focused Elsewhere'],0,0,0,0,0,0,0,0,0,0,0,0,0,0,0,0,0,0,0,0,0,0,0,"10,000"
Cruise Ship Entertainer,"10,000","Performing in dynamic, high-movement spaces, gesture control could trigger audio, visuals, or lighting during live acts seamlessly.","['Gestural Cueing for Alerts or Transitions', 'Performance Contexts']","10,000",0,0,0,0,0,0,0,"10,000",0,0,0,0,0,0,0,0,0,0,0,0,0,0,0
Wildlife Rehabilitation Specialist,"10,000","Handling injured animals requires gentle, sterile care. Gesture input could update charts, communicate status, or trigger heating systems while mid-treatment.","['Sterile or Hygiene-Sensitive Settings', 'Gestural Cueing for Alerts or Transitions']","10,000",0,0,0,0,0,0,0,0,"10,000",0,0,0,0,0,0,0,0,0,0,0,0,0,0
Petting Zoo Attendant,"10,000","Constantly handling animals and sanitizing surfaces, attendants could use gestures to track feedings, trigger info displays, or alert staff quietly.","['Gestural Cueing for Alerts or Transitions', 'Safety-Critical Tasks']","10,000",0,0,0,"10,000",0,0,0,0,0,0,0,0,0,0,0,0,0,0,0,0,0,0,0
Civil War Reenactor,"10,000","In full costume and field conditions, gesture input could cue pyrotechnics, manage show scripts, or log battlefield maneuvers.","['Field Work with Limited Tech Access', 'Gestural Cueing for Alerts or Transitions', 'Need for Discreet or Silent Communication']","10,000","10,000",0,0,0,0,0,0,0,0,0,"10,000",0,0,0,0,0,0,0,0,0,0,0,0
Forestry Firefighter (Hotshot Crew),"10,000","Operating in wildfire zones with axes and radios, gesture input could tag GPS, log line progress, or signal urgent alerts quickly.","['Gestural Cueing for Alerts or Transitions', 'Need for Discreet or Silent Communication']","10,000","10,000",0,0,0,0,0,0,0,0,0,0,0,0,0,0,0,0,0,0,0,0,0,0
Amusement Park Mascot,"10,000","Inside bulky suits with limited visibility, gestures could signal needs, trigger voice effects, or mark location checkpoints discreetly.","['Gestural Cueing for Alerts or Transitions', 'Need for Discreet or Silent Communication']","10,000","10,000",0,0,0,0,0,0,0,0,0,0,0,0,0,0,0,0,0,0,0,0,0,0
Ceramic Kiln Loader,"10,000","Surrounded by hot fragile pieces, gestures could log cycles, flag items, or adjust timing without risking burns.","['Environmental Sensitivity (Moisture, Heat, Cold)']",0,0,0,0,0,0,"10,000",0,0,0,0,0,0,0,0,0,0,0,0,0,0,0,0,0
Dog Show Handler,"10,000","Focused on animal control and presentation, gesture control could log scores, toggle music, or notify team members discreetly.","['Team-Based Spatial Work', 'Multimodal Command Needs']",0,0,"10,000",0,0,0,0,0,0,0,0,0,0,0,0,0,0,0,0,0,"10,000",0,0,0
Brewery Packaging Line Worker,"10,000","With constant motion and full hands, gestures could toggle machinery, report jams, or flag errors without interrupting the line.",['Multimodal Command Needs'],0,0,"10,000",0,0,0,0,0,0,0,0,0,0,0,0,0,0,0,0,0,0,0,0,0
Indoor Playground Supervisor,"10,000","With children running everywhere, gestures could log injuries, trigger lighting, or notify staff without stepping away.",['Gestural Cueing for Alerts or Transitions'],"10,000",0,0,0,0,0,0,0,0,0,0,0,0,0,0,0,0,0,0,0,0,0,0,0
E-waste Recycler,"10,000","Wearing gloves and handling toxic components, gestures could classify items, flag data-sensitive drives, or log dismantling safely.",[],0,0,0,0,0,0,0,0,0,0,0,0,0,0,0,0,0,0,0,0,0,0,0,0
Animal-Assisted Therapist,"9,500","With a therapy animal in hand and a client engaged, gesture control could manage session notes, timers, or triggers without breaking flow.","['Task Switching Without Losing Flow', 'Performance Contexts']",0,0,0,0,0,0,0,0,"9,500",0,"9,500",0,0,0,0,0,0,0,0,0,0,0,0,0
Historical Costumed Interpreter,"9,500","While performing in-character, gestures could cue facts, notify event staff, or interact with digital elements without breaking immersion.","['Gestural Cueing for Alerts or Transitions', 'Need for Discreet or Silent Communication']","9,500","9,500",0,0,0,0,0,0,0,0,0,0,0,0,0,0,0,0,0,0,0,0,0,0
DJ (Live Events),"9,000","DJs juggle track transitions, lighting, and crowd engagement simultaneously. Gesture control could enable smoother live mixing, lighting shifts, or setlist browsing mid-performance.",['Performance Contexts'],0,0,0,0,0,0,0,0,"9,000",0,0,0,0,0,0,0,0,0,0,0,0,0,0,0
Wildlife Photographer,"9,000","Waiting for the perfect shot, photographers can’t afford to touch controls. Gesture input could adjust lenses, toggle modes, or capture silently.",['Multimodal Command Needs'],0,0,"9,000",0,0,0,0,0,0,0,0,0,0,0,0,0,0,0,0,0,0,0,0,0
Electric Vehicle Charger Technician,"9,000","Working in public lots or infrastructure zones, techs could use gesture control for diagnostics, user testing, or data upload without touching shared devices.",['Multimodal Command Needs'],0,0,"9,000",0,0,0,0,0,0,0,0,0,0,0,0,0,0,0,0,0,0,0,0,0
Beet Harvester,"9,000","Covered in mud and machine grease, gesture controls could adjust equipment, report yields, or toggle maps without stopping the tractor.","['Wears Gloves or Hands Often Dirty', 'Multimodal Command Needs', 'Hands Frequently Full']",0,0,"9,000","9,000",0,0,0,"9,000",0,0,0,0,0,0,0,0,0,0,0,0,0,0,0,0
Ice Cream Truck Driver,"9,000","Balancing scooping, driving, and sales, gestures could toggle music, check inventory, or update route maps with sticky hands.","['Multimodal Command Needs', 'Hands Frequently Full']",0,0,"9,000",0,0,0,0,"9,000",0,0,0,0,0,0,0,0,0,0,0,0,0,0,0,0
Pediatric MRI Tech,"9,000","With anxious kids and strict noise rules, gestures could manage imaging sequences, cue calming displays, or adjust settings cleanly.","['Multimodal Command Needs', 'Gestural Cueing for Alerts or Transitions', 'Need for Discreet or Silent Communication']","9,000","9,000","9,000",0,0,0,0,0,0,0,0,0,0,0,0,0,0,0,0,0,0,0,0,0
Remote Meteorologist,"9,000","Working in storm vans or mobile units, gesture input could log pressure changes, capture images, or cue reports amid chaos.","['Constant Motion / Mobile Work', 'Gestural Cueing for Alerts or Transitions', 'Need for Discreet or Silent Communication']","9,000","9,000",0,0,0,0,0,0,0,0,0,0,0,0,0,"9,000",0,0,0,0,0,0,0,0
High Voltage Substation Inspector,"9,000","In dangerous, high-EMF zones, gesture input could trigger diagnostics, log inspections, or call for support with insulated gloves on.","['Gestural Cueing for Alerts or Transitions', 'Safety-Critical Tasks']","9,000",0,0,0,"9,000",0,0,0,0,0,0,0,0,0,0,0,0,0,0,0,0,0,0,0
Casino Slot Technician,"9,000","Gloves on, surrounded by blinking machines, gestures could toggle diagnostics, log service events, or notify security.","['Multimodal Command Needs', 'Public-Facing with Frequent Interruptions']",0,0,"9,000",0,0,0,0,0,0,0,0,0,0,0,0,0,0,0,0,0,0,"9,000",0,0
Historical Tour Actor,"9,000","Leading groups in-character, gesture input could trigger scene transitions, toggle facts, or cue sound without breaking immersion.","['Multimodal Command Needs', 'Gestural Cueing for Alerts or Transitions', 'Need for Discreet or Silent Communication']","9,000","9,000","9,000",0,0,0,0,0,0,0,0,0,0,0,0,0,0,0,0,0,0,0,0,0
Airport Snowplow Driver,"9,000","Clearing runways in low visibility, gesture control could mark cleared zones, toggle radar, or log timing without removing gloves.",['Multimodal Command Needs'],0,0,"9,000",0,0,0,0,0,0,0,0,0,0,0,0,0,0,0,0,0,0,0,0,0
Wildlife Rehabilitator,"9,000","Caring for injured animals in cages or carriers, gestures could log treatments, track feeding, or trigger alerts without startling patients.",['Gestural Cueing for Alerts or Transitions'],"9,000",0,0,0,0,0,0,0,0,0,0,0,0,0,0,0,0,0,0,0,0,0,0,0
Infectious Disease Researcher,"8,500","Working in BSL labs under sealed suits, gesture inputs could manage notes, databases, or equipment while maintaining biosecurity.","['Multimodal Command Needs', 'Hands Frequently Full']",0,0,"8,500",0,0,0,0,"8,500",0,0,0,0,0,0,0,0,0,0,0,0,0,0,0,0
Mine Safety Inspector,"8,500","Underground and in hardhats, gesture input could record hazards, trigger sensors, or update logs without risking damage to tablets.",['Gestural Cueing for Alerts or Transitions'],"8,500",0,0,0,0,0,0,0,0,0,0,0,0,0,0,0,0,0,0,0,0,0,0,0
Archaeologist,"8,000","On digs, dirt and debris limit clean device use. Gesture-based photo capture, cataloging, and mapping tools would preserve delicate finds without risking contamination.","['Wears Gloves or Hands Often Dirty', 'Sterile or Hygiene-Sensitive Settings']",0,0,0,"8,000",0,0,0,0,0,"8,000",0,0,0,0,0,0,0,0,0,0,0,0,0,0
Professional Equestrian,"8,000","Riders must maintain control of horses and equipment. Gesture controls could manage timers, performance logs, or safety comms discreetly mid-ride.","['Performance Contexts', 'Hands Frequently Full', 'Safety-Critical Tasks']",0,0,0,0,"8,000",0,0,"8,000","8,000",0,0,0,0,0,0,0,0,0,0,0,0,0,0,0
Chimney Sweep,"8,000","Inside tight, sooty spaces with heavy gear, sweeps could benefit from gesture-triggered inspections, client logs, or hazard flags without risking contamination.","['Sterile or Hygiene-Sensitive Settings', 'Safety-Critical Tasks']",0,0,0,0,"8,000",0,0,0,0,"8,000",0,0,0,0,0,0,0,0,0,0,0,0,0,0
Tattoo Removal Specialist,"8,000","Working with lasers and sensitive skin, hands must remain sterile and steady. Gesture input could manage sessions, records, or client interactions fluidly.","['Sterile or Hygiene-Sensitive Settings', 'High-Volume Repetitive Logging']",0,0,0,0,0,0,0,0,0,"8,000",0,0,0,"8,000",0,0,0,0,0,0,0,0,0,0
Leatherworker,"8,000","With gloved or glue-covered hands, leather artisans could toggle templates, log projects, or manage tool presets via gestures.",['Multimodal Command Needs'],0,0,"8,000",0,0,0,0,0,0,0,0,0,0,0,0,0,0,0,0,0,0,0,0,0
Dry Ice Handler,"8,000","Gloves and extreme cold prevent safe use of devices. Gesture tools could log batches, toggle sensors, or manage timers safely.","['Wears Gloves or Hands Often Dirty', 'Multimodal Command Needs', 'Environmental Sensitivity (Moisture, Heat, Cold)']",0,0,"8,000","8,000",0,0,"8,000",0,0,0,0,0,0,0,0,0,0,0,0,0,0,0,0,0
Pet Behaviorist,"8,000","Mid-session with agitated animals, gestures could log behavior notes, trigger calming sounds, or access case histories without disengaging.","['Gestural Cueing for Alerts or Transitions', 'Performance Contexts']","8,000",0,0,0,0,0,0,0,"8,000",0,0,0,0,0,0,0,0,0,0,0,0,0,0,0
Diving Instructor,"8,000","Pre- and post-dive, gestures could toggle lesson plans, manage depth logs, or trigger safety briefings in noisy environments.","['Multimodal Command Needs', 'Gestural Cueing for Alerts or Transitions', 'Noisy Environments (Voice Input Unreliable)', 'Safety-Critical Tasks']","8,000",0,"8,000",0,"8,000",0,0,0,0,0,0,0,0,0,0,0,0,0,"8,000",0,0,0,0,0
Industrial Kiln Operator,"8,000","Managing high-heat ceramic or metal firing, gesture control could track temperature cycles, mark batches, or log safety steps in PPE.","['Environmental Sensitivity (Moisture, Heat, Cold)', 'Safety-Critical Tasks']",0,0,0,0,"8,000",0,"8,000",0,0,0,0,0,0,0,0,0,0,0,0,0,0,0,0,0
Escape Room Game Master,"8,000","Observing teams and juggling tech, gestures could trigger clues, mark progress, or reset puzzles without interrupting flow.","['Task Switching Without Losing Flow', 'Gestural Cueing for Alerts or Transitions']","8,000",0,0,0,0,0,0,0,0,0,"8,000",0,0,0,0,0,0,0,0,0,0,0,0,0
Knife Sharpener,"8,000","With rotating blades and grease, gestures could track job types, measure angle changes, or access customer requests safely.","['Wears Gloves or Hands Often Dirty', 'Public-Facing with Frequent Interruptions']",0,0,0,"8,000",0,0,0,0,0,0,0,0,0,0,0,0,0,0,0,0,0,"8,000",0,0
Community Garden Leader,"8,000","Managing volunteers and plant beds, gesture tools could track tasks, update harvest logs, or share instructions while hands are dirty.",['Wears Gloves or Hands Often Dirty'],0,0,0,"8,000",0,0,0,0,0,0,0,0,0,0,0,0,0,0,0,0,0,0,0,0
Grain Silo Maintenance Worker,"8,000","Climbing inside confined dusty spaces, gesture input could log inspections, trigger fans, or alert safety teams hands-free.","['Touch-Free Requirement', 'Irregular or Constrained Environments', 'Gestural Cueing for Alerts or Transitions', 'Safety-Critical Tasks']","8,000",0,0,0,"8,000","8,000",0,0,0,0,0,0,0,0,0,0,0,0,0,"8,000",0,0,0,0
Kids’ Birthday Clown,"8,000","With full costume and performance flow, gestures could trigger music, flag routines, or control party cues without breaking character.","['Task Switching Without Losing Flow', 'Gestural Cueing for Alerts or Transitions', 'Performance Contexts']","8,000",0,0,0,0,0,0,0,"8,000",0,"8,000",0,0,0,0,0,0,0,0,0,0,0,0,0
ndoor Vertical Farm Technician,"8,000","Surrounded by humidity, water, and dense plant rows, gesture input could toggle grow lights, monitor irrigation, or log harvests while keeping gloves on.",['Multimodal Command Needs'],0,0,"8,000",0,0,0,0,0,0,0,0,0,0,0,0,0,0,0,0,0,0,0,0,0
Marina Fuel Dock Attendant,"8,000","Handling hoses and safety gear around boats, gesture input could start meters, update logs, or summon assistance without letting go.",['Safety-Critical Tasks'],0,0,0,0,"8,000",0,0,0,0,0,0,0,0,0,0,0,0,0,0,0,0,0,0,0
Powerline Arborist,"8,000","Cutting limbs near live wires, arborists in harnesses could use gestures to control drone cameras, log hazards, or communicate hands-free.","['Touch-Free Requirement', 'Performance Contexts']",0,0,0,0,0,"8,000",0,0,"8,000",0,0,0,0,0,0,0,0,0,0,0,0,0,0,0
Forensic Pathologist,"7,500","Handling autopsies demands clean hands and precise procedures. Gesture input could navigate case files, imaging, or dictation tools touch-free.","['Wears Gloves or Hands Often Dirty', 'Touch-Free Requirement']",0,0,0,"7,500",0,"7,500",0,0,0,0,0,0,0,0,0,0,0,0,0,0,0,0,0,0
Roller Coaster Technician,"7,500","Maintaining rides involves climbing structures and gloves-on inspection. Gesture-based tools could assist in safety checks, system resets, or part tracking without handhelds.","['Wears Gloves or Hands Often Dirty', 'Safety-Critical Tasks']",0,0,0,"7,500","7,500",0,0,0,0,0,0,0,0,0,0,0,0,0,0,0,0,0,0,0
Hydrologist (Field Work),"7,500","Working near rivers, mud, and unstable terrain, hydrologists benefit from hands-free data logging, GPS coordination, and photo capture through gestures.","['Touch-Free Requirement', 'High-Volume Repetitive Logging', 'Field Work with Limited Tech Access']",0,0,0,0,0,"7,500",0,0,0,0,0,"7,500",0,"7,500",0,0,0,0,0,0,0,0,0,0
Theme Park Animator,"7,500","In costume or handling props, animators could use gestures to trigger sound cues, interact with guests, or stay synced with parades while fully in character.",['Gestural Cueing for Alerts or Transitions'],"7,500",0,0,0,0,0,0,0,0,0,0,0,0,0,0,0,0,0,0,0,0,0,0,0
Train Track Welder,"7,500","In rough terrain with hot tools, gesture input could log welds, request checks, or adjust temps safely.","['Wears Gloves or Hands Often Dirty', 'Environmental Sensitivity (Moisture, Heat, Cold)', 'Field Work with Limited Tech Access']",0,0,0,"7,500",0,0,"7,500",0,0,0,0,"7,500",0,0,0,0,0,0,0,0,0,0,0,0
High-Speed Rail Technician,"7,500","On live lines with tight safety procedures, gesture control could aid in diagnostics, flag issues, or update logs while suited up.","['Performance Contexts', 'Safety-Critical Tasks']",0,0,0,0,"7,500",0,0,0,"7,500",0,0,0,0,0,0,0,0,0,0,0,0,0,0,0
Tech Conference AV Operator,"7,500","While juggling cables, cameras, and panels, gesture tools could switch slides, cue speakers, or troubleshoot silently mid-presentation.","['Wears Gloves or Hands Often Dirty', 'Multimodal Command Needs', 'Gestural Cueing for Alerts or Transitions', 'Need for Discreet or Silent Communication']","7,500","7,500","7,500","7,500",0,0,0,0,0,0,0,0,0,0,0,0,0,0,0,0,0,0,0,0
Clam Digger,"7,500","Covered in mud and knee-deep in tide flats, gesture input could log quotas, mark boundaries, or cue radio with wet gloves.","['Environmental Sensitivity (Moisture, Heat, Cold)', 'Gestural Cueing for Alerts or Transitions', 'Need for Discreet or Silent Communication']","7,500","7,500",0,0,0,0,"7,500",0,0,0,0,0,0,0,0,0,0,0,0,0,0,0,0,0
Soccer Referee,"7,000","Refs must keep eyes on the field at all times. Gesture-controlled timekeeping, card displays, or incident logging could remove reliance on fiddly watches and improve authority.","['High-Volume Repetitive Logging', 'Field Work with Limited Tech Access']",0,0,0,0,0,0,0,0,0,0,0,"7,000",0,"7,000",0,0,0,0,0,0,0,0,0,0
Scenic Carpenter,"7,000","Building theatrical sets means working with paint, tools, and large props. Gesture controls could manage blueprints, lighting cues, or progress updates without touching devices.","['Wears Gloves or Hands Often Dirty', 'Multimodal Command Needs']",0,0,"7,000","7,000",0,0,0,0,0,0,0,0,0,0,0,0,0,0,0,0,0,0,0,0
Tattoo Artist’s Apprentice,"7,000","Learning artists often assist with cleanup or prep. Gesture tools could check tutorials, log materials, or toggle feedback without interfering.","['Wears Gloves or Hands Often Dirty', 'Multimodal Command Needs']",0,0,"7,000","7,000",0,0,0,0,0,0,0,0,0,0,0,0,0,0,0,0,0,0,0,0
Coffee Roaster,"7,000","Hands full of beans or managing hot roasters, gesture input could control timers, batch logs, or roasting profiles without contamination.","['Environmental Sensitivity (Moisture, Heat, Cold)', 'Sterile or Hygiene-Sensitive Settings', 'Hands Frequently Full']",0,0,0,0,0,0,"7,000","7,000",0,"7,000",0,0,0,0,0,0,0,0,0,0,0,0,0,0
Morgue Attendant,"7,000","Handling cadavers requires sanitary precision. Gesture commands could aid in file logging, camera control, or room toggles safely.",['High-Volume Repetitive Logging'],0,0,0,0,0,0,0,0,0,0,0,0,0,"7,000",0,0,0,0,0,0,0,0,0,0
Aquatic Physical Therapist,"7,000","Working in pools with clients, gestures could manage workout timing, log patient progress, or cue underwater videos.","['Gestural Cueing for Alerts or Transitions', 'Need for Discreet or Silent Communication']","7,000","7,000",0,0,0,0,0,0,0,0,0,0,0,0,0,0,0,0,0,0,0,0,0,0
Glass Furnace Operator,"7,000","With extreme heat and PPE, gesture input could adjust temps, open valves, or log material usage without touching screens.",[],0,0,0,0,0,0,0,0,0,0,0,0,0,0,0,0,0,0,0,0,0,0,0,0
Art Museum Exhibit Preparator,"7,000","Gloves on and fragile work in hand, gestures could adjust lighting, verify layouts, or move through design plans safely.",[],0,0,0,0,0,0,0,0,0,0,0,0,0,0,0,0,0,0,0,0,0,0,0,0
Oil Rig Derrickhand,"7,000","Covered in oil and wearing thick gloves, gesture input could log torque stats, communicate with the driller, or flag safety events.",['Safety-Critical Tasks'],0,0,0,0,"7,000",0,0,0,0,0,0,0,0,0,0,0,0,0,0,0,0,0,0,0
Water Park Grounds Crew,"7,000","Wet hands and loud conditions complicate tech use. Gestures could log debris, alert maintenance, or track zone coverage.","['Environmental Sensitivity (Moisture, Heat, Cold)', 'Gestural Cueing for Alerts or Transitions', 'Noisy Environments (Voice Input Unreliable)', 'Safety-Critical Tasks']","7,000",0,0,0,"7,000",0,"7,000",0,0,0,0,0,0,0,0,0,0,0,"7,000",0,0,0,0,0
Ice Cream Sandwich Assembler (Factory),"7,000","In cold environments with conveyor work, gesture input could control pace, track defects, or cue cleanings without contamination.","['Environmental Sensitivity (Moisture, Heat, Cold)', 'Sterile or Hygiene-Sensitive Settings', 'Gestural Cueing for Alerts or Transitions', 'Need for Discreet or Silent Communication']","7,000","7,000",0,0,0,0,"7,000",0,0,"7,000",0,0,0,0,0,0,0,0,0,0,0,0,0,0
Alpaca Farm Handler,"7,000","Handling wooly animals and slippery feed buckets, gesture input could log feedings, flag injuries, or call help without scaring livestock.",[],0,0,0,0,0,0,0,0,0,0,0,0,0,0,0,0,0,0,0,0,0,0,0,0
Museum Exhibit Installer,"6,500","Working with fragile pieces and tight corners, installers could benefit from gesture-controlled layout plans, light testing, or labels while holding artifacts.",['One-Handed or Asymmetric Work'],0,0,0,0,0,0,0,0,0,0,0,0,"6,500",0,0,0,0,0,0,0,0,0,0,0
Zipline Operator,"6,500","Managing harnesses and gloved gear, gestures could verify safety checklists, trigger releases, or track riders without touching tablets.","['Gestural Cueing for Alerts or Transitions', 'Safety-Critical Tasks']","6,500",0,0,0,"6,500",0,0,0,0,0,0,0,0,0,0,0,0,0,0,0,0,0,0,0
Wildlife Control Officer,"6,500","Managing traps or animals in urban spaces, gesture input could signal backup, check species data, or log interactions without risk.","['Gestural Cueing for Alerts or Transitions', 'Need for Discreet or Silent Communication']","6,500","6,500",0,0,0,0,0,0,0,0,0,0,0,0,0,0,0,0,0,0,0,0,0,0
Mechanic at Racing Pit Stop,"6,500","With intense speed requirements, gesture control could log repairs, signal driver status, or mark tire data hands-free.","['Touch-Free Requirement', 'Gestural Cueing for Alerts or Transitions', 'Need for Discreet or Silent Communication']","6,500","6,500",0,0,0,"6,500",0,0,0,0,0,0,0,0,0,0,0,0,0,0,0,0,0,0
Wildlife Reserve Volunteer Coordinator,"6,500","Managing people and animals on rough terrain, gestures could check logs, cue talks, or update rosters while moving between enclosures.","['Field Work with Limited Tech Access', 'Gestural Cueing for Alerts or Transitions', 'Need for Discreet or Silent Communication']","6,500","6,500",0,0,0,0,0,0,0,0,0,"6,500",0,0,0,0,0,0,0,0,0,0,0,0
Ferry Deckhand,"6,500","Loading vehicles while handling ropes and wet surfaces, gesture control could trigger safety sequences or update manifests with occupied hands.","['Environmental Sensitivity (Moisture, Heat, Cold)', 'Gestural Cueing for Alerts or Transitions', 'Safety-Critical Tasks']","6,500",0,0,0,"6,500",0,"6,500",0,0,0,0,0,0,0,0,0,0,0,0,0,0,0,0,0
Mosaic Tile Installer,"6,500","Covered in grout and balancing designs, gestures could shift templates, log progress, or request supplies cleanly.",['Hands Frequently Full'],0,0,0,0,0,0,0,"6,500",0,0,0,0,0,0,0,0,0,0,0,0,0,0,0,0
Mobile Bike Repair Technician,"6,500","Mid-fix with dirty hands, gestures could load maintenance history, reorder parts, or notify clients while keeping focus on tools.",['Wears Gloves or Hands Often Dirty'],0,0,0,"6,500",0,0,0,0,0,0,0,0,0,0,0,0,0,0,0,0,0,0,0,0
Dog Agility Trainer,"6,500","Mid-run with animals and handlers, gesture input could flag faults, cue timing systems, or update training logs.","['Gestural Cueing for Alerts or Transitions', 'Need for Discreet or Silent Communication']","6,500","6,500",0,0,0,0,0,0,0,0,0,0,0,0,0,0,0,0,0,0,0,0,0,0
Brewery Lab Technician,"6,200","Handling yeast and glassware, gestures could record test batches, toggle environmental sensors, or scroll through flavor logs safely.",['Multimodal Command Needs'],0,0,"6,200",0,0,0,0,0,0,0,0,0,0,0,0,0,0,0,0,0,0,0,0,0
Indoor Garden Irrigation Tech,"6,200","In tight rows of hydroponics and humidity, gestures could adjust nutrient flow, toggle schedules, or log readings without exposing electronics.","['Multimodal Command Needs', 'Task Switching Without Losing Flow']",0,0,"6,200",0,0,0,0,0,0,0,"6,200",0,0,0,0,0,0,0,0,0,0,0,0,0
Electric Scooter Fleet Mechanic,"6,200","Fixing outdoor devices with gloves on, gestures could confirm battery swaps, flag broken brakes, or track unit locations.",['Multimodal Command Needs'],0,0,"6,200",0,0,0,0,0,0,0,0,0,0,0,0,0,0,0,0,0,0,0,0,0
Cardiothoracic Surgeon,"6,000","Complex chest surgeries require manipulation of critical data mid-operation. Gesture input could update imaging, monitor vitals, or guide surgical robots without touching.",['Sterile or Hygiene-Sensitive Settings'],0,0,0,0,0,0,0,0,0,"6,000",0,0,0,0,0,0,0,0,0,0,0,0,0,0
Ornithologist,"6,000","Bird researchers often need to log sightings quickly while outdoors. Gesture control could tag species, record GPS locations, or manage cameras without scaring wildlife.","['Environmental Sensitivity (Moisture, Heat, Cold)', 'Field Work with Limited Tech Access']",0,0,0,0,0,0,"6,000",0,0,0,0,"6,000",0,0,0,0,0,0,0,0,0,0,0,0
Clown Performer,"6,000",Live performers juggling props and audience engagement could use gestures to trigger effects or music cues interactively.,"['Gestural Cueing for Alerts or Transitions', 'Performance Contexts']","6,000",0,0,0,0,0,0,0,"6,000",0,0,0,0,0,0,0,0,0,0,0,0,0,0,0
Rope Access Technician,"6,000","Performing industrial work suspended by ropes, these technicians could use gestures to log inspections, signal safety issues, or capture data mid-air.","['Gestural Cueing for Alerts or Transitions', 'Need for Discreet or Silent Communication', 'Safety-Critical Tasks']","6,000","6,000",0,0,"6,000",0,0,0,0,0,0,0,0,0,0,0,0,0,0,0,0,0,0,0
Precision Watchmaker,"6,000","Working with microscopic tools under magnifiers, watchmakers could use subtle gestures to adjust views, check reference diagrams, or log steps.",['Wears Gloves or Hands Often Dirty'],0,0,0,"6,000",0,0,0,0,0,0,0,0,0,0,0,0,0,0,0,0,0,0,0,0
Nightclub Lighting Tech,"6,000","Operating rigs in fast-paced, loud environments, gesture inputs could adjust presets, cue sequences, or trigger strobes hands-free.","['Touch-Free Requirement', 'Multimodal Command Needs', 'Time-Sensitive or High-Paced Environments', 'Gestural Cueing for Alerts or Transitions']","6,000",0,"6,000",0,0,"6,000",0,0,0,0,0,0,0,0,0,0,0,"6,000",0,0,0,0,0,0
Tattoo Removal Laser Tech,"6,000","Managing high-precision lasers and skin contact, gestures could toggle treatment settings or manage records while maintaining safety.","['Multimodal Command Needs', 'High-Volume Repetitive Logging', 'Safety-Critical Tasks']",0,0,"6,000",0,"6,000",0,0,0,0,0,0,0,0,"6,000",0,0,0,0,0,0,0,0,0,0
Mobile MRI Technician,"6,000","Working in cramped vehicles with strict cleanliness, gesture input could manage scans, patient records, or interface toggles.","['Irregular or Constrained Environments', 'High-Volume Repetitive Logging']",0,0,0,0,0,0,0,0,0,0,0,0,0,"6,000",0,0,0,0,0,"6,000",0,0,0,0
Biohazard Cleanup Worker,"6,000","Fully suited for safety, these workers could log areas, toggle decon checklists, or communicate without contaminating control surfaces.","['Multimodal Command Needs', 'Safety-Critical Tasks']",0,0,"6,000",0,"6,000",0,0,0,0,0,0,0,0,0,0,0,0,0,0,0,0,0,0,0
Brewery Tour Guide,"6,000","Managing groups around wet equipment, gesture control could cue videos, display ingredient info, or advance slides without pausing the tour.","['Environmental Sensitivity (Moisture, Heat, Cold)', 'Gestural Cueing for Alerts or Transitions', 'Need for Discreet or Silent Communication', 'Hands Frequently Full']","6,000","6,000",0,0,0,0,"6,000","6,000",0,0,0,0,0,0,0,0,0,0,0,0,0,0,0,0
Leather Tannery Worker,"6,000","Handling chemicals and hides, gestures could control treatment cycles, log defects, or access safety data quickly.",['Safety-Critical Tasks'],0,0,0,0,"6,000",0,0,0,0,0,0,0,0,0,0,0,0,0,0,0,0,0,0,0
Indoor Trampoline Monitor,"6,000","Tracking energetic jumpers, gestures could update time slots, trigger music, or flag safety concerns on the fly.","['Gestural Cueing for Alerts or Transitions', 'Safety-Critical Tasks']","6,000",0,0,0,"6,000",0,0,0,0,0,0,0,0,0,0,0,0,0,0,0,0,0,0,0
Aircraft Wing De-icer,"6,000","Spraying anti-icing fluid in snowstorms, gestures could log completions, request more fluid, or mark hazards while gloved.",[],0,0,0,0,0,0,0,0,0,0,0,0,0,0,0,0,0,0,0,0,0,0,0,0
Martial Arts Referee,"6,000","Standing between competitors, gesture input could update scoreboards, track match time, or signal replays clearly.","['Gestural Cueing for Alerts or Transitions', 'Need for Discreet or Silent Communication']","6,000","6,000",0,0,0,0,0,0,0,0,0,0,0,0,0,0,0,0,0,0,0,0,0,0
Rooftop Garden Coordinator,"6,000","Managing beds and compost in high locations, gestures could track growth cycles, schedule watering, or note issues quickly.",[],0,0,0,0,0,0,0,0,0,0,0,0,0,0,0,0,0,0,0,0,0,0,0,0
Toy Store Demonstrator,"6,000","With children gathered and toys in hand, gestures could switch modes, update displays, or log interest discreetly.",['Multimodal Command Needs'],0,0,"6,000",0,0,0,0,0,0,0,0,0,0,0,0,0,0,0,0,0,0,0,0,0
Commercial Mushroom Grower,"6,000","Working in cool, damp, low-light spaces with gloves on, gestures could log growth cycles, control humidity systems, or update harvest logs touch-free.",['Touch-Free Requirement'],0,0,0,0,0,"6,000",0,0,0,0,0,0,0,0,0,0,0,0,0,0,0,0,0,0
Makeup FX Artist (Film),"6,000","Working on prosthetics with glue and latex, gesture controls could cycle reference images, update character sheets, or cue lighting touch-free.","['Touch-Free Requirement', 'Gestural Cueing for Alerts or Transitions', 'Need for Discreet or Silent Communication']","6,000","6,000",0,0,0,"6,000",0,0,0,0,0,0,0,0,0,0,0,0,0,0,0,0,0,0
Warehouse Robot Supervisor,"6,000","Surrounded by moving bots, gestures could reroute units, flag faults, or control pacing zones without touching a device in motion-heavy spaces.",[],0,0,0,0,0,0,0,0,0,0,0,0,0,0,0,0,0,0,0,0,0,0,0,0
Glass Recyclables Sorter,"6,000","Covered in gloves and surrounded by sharp materials, gesture tools could divert items, trigger logs, or mark contamination zones safely.","['Wears Gloves or Hands Often Dirty', 'Sterile or Hygiene-Sensitive Settings', 'Gestural Cueing for Alerts or Transitions']","6,000",0,0,"6,000",0,0,0,0,0,"6,000",0,0,0,0,0,0,0,0,0,0,0,0,0,0
Parade Route Sanitation Worker,"6,000","Working in large crowds with gloves on, gestures could mark cleared zones, cue trucks, or flag obstacles hands-free.","['Touch-Free Requirement', 'Gestural Cueing for Alerts or Transitions', 'Need for Discreet or Silent Communication']","6,000","6,000",0,0,0,"6,000",0,0,0,0,0,0,0,0,0,0,0,0,0,0,0,0,0,0
Mushroom Cultivation Technician,"6,000","Operating in high-humidity grow rooms, gesture controls could adjust lighting cycles, log growth stages, or manage CO2 levels touch-free.",['Touch-Free Requirement'],0,0,0,0,0,"6,000",0,0,0,0,0,0,0,0,0,0,0,0,0,0,0,0,0,0
Laser Engraver Operator,"6,000","Focused on alignment with eyewear on, gestures could rotate artwork, adjust depth settings, or log jobs without breaking workflow.",['Multimodal Command Needs'],0,0,"6,000",0,0,0,0,0,0,0,0,0,0,0,0,0,0,0,0,0,0,0,0,0
Balloon Sculptor,"6,000","Tying off balloons with full hands, gesture input could cycle creature references, manage queue names, or cue music at events.","['Gestural Cueing for Alerts or Transitions', 'Need for Discreet or Silent Communication']","6,000","6,000",0,0,0,0,0,0,0,0,0,0,0,0,0,0,0,0,0,0,0,0,0,0
Kids’ Climbing Wall Supervisor,"6,000","Managing harnessed kids and answering parent questions, gestures could toggle timers, cue games, or log incidents without walking away.","['Constant Motion / Mobile Work', 'Multimodal Command Needs', 'Gestural Cueing for Alerts or Transitions', 'Need for Discreet or Silent Communication']","6,000","6,000","6,000",0,0,0,0,0,0,0,0,0,0,0,0,"6,000",0,0,0,0,0,0,0,0
Dive Bar Karaoke Host,"6,000","Managing crowds, mics, and a clunky interface, gestures could toggle singers, queue songs, or adjust lights without stopping the vibe.",['Multimodal Command Needs'],0,0,"6,000",0,0,0,0,0,0,0,0,0,0,0,0,0,0,0,0,0,0,0,0,0
Cemetery Groundskeeper,"6,000","Managing landscaping in delicate spaces, gesture tools could log service updates, flag maintenance, or cue records respectfully.","['Public-Facing with Frequent Interruptions', 'Gestural Cueing for Alerts or Transitions', 'Wears Gloves or Hands Often Dirty', 'High-Volume Repetitive Logging']","6,000",0,0,"6,000",0,0,0,0,0,0,0,0,0,"6,000",0,0,0,0,0,0,0,"6,000",0,0
Gelato Cart Vendor,"6,000","With sticky scoops and tourists crowding, gestures could manage payments, toggle flavors, or cue music with clean flow.","['Multimodal Command Needs', 'Task Switching Without Losing Flow', 'Gestural Cueing for Alerts or Transitions', 'Need for Discreet or Silent Communication']","6,000","6,000","6,000",0,0,0,0,0,0,0,"6,000",0,0,0,0,0,0,0,0,0,0,0,0,0
Amusement Park Locker Attendant,"6,000","Managing hundreds of keys and customers, gestures could trigger unit status, alert malfunctions, or signal overflow areas hands-free.","['Touch-Free Requirement', 'Gestural Cueing for Alerts or Transitions', 'Need for Discreet or Silent Communication', 'Safety-Critical Tasks']","6,000","6,000",0,0,"6,000","6,000",0,0,0,0,0,0,0,0,0,0,0,0,0,0,0,0,0,0
Candlelight Yoga Instructor,"6,000","Teaching in dim lighting with calm pacing, gestures could control playlist, toggle ambient effects, or adjust timing without breaking flow.","['Task Switching Without Losing Flow', 'Multimodal Command Needs', 'Dim or Low-Light Workspaces']",0,0,"6,000",0,0,0,0,0,0,0,"6,000",0,0,0,"6,000",0,0,0,0,0,0,0,0,0
Tugboat Deckhand,"6,000","Covered in rope and sea spray, gestures could signal loading status, log locations, or cue equipment checks while hands remain on deck.","['Gestural Cueing for Alerts or Transitions', 'Need for Discreet or Silent Communication', 'Hands Frequently Full']","6,000","6,000",0,0,0,0,0,"6,000",0,0,0,0,0,0,0,0,0,0,0,0,0,0,0,0
Autopsy Assistant,"5,500","Operating in sterile conditions, gesture control could aid in image capture, procedure documentation, or tool selection without contact.",['Sterile or Hygiene-Sensitive Settings'],0,0,0,0,0,0,0,0,0,"5,500",0,0,0,0,0,0,0,0,0,0,0,0,0,0
Helicopter Tour Pilot,"5,500","Focused on navigation and passenger experience, gestures could control music, intercoms, or status readouts mid-flight.",[],0,0,0,0,0,0,0,0,0,0,0,0,0,0,0,0,0,0,0,0,0,0,0,0
Trolley Driver (Tourist),"5,500","Narrating with one hand and driving with another, gestures could cue audio, flip slides, or respond to passengers safely.","['One-Handed or Asymmetric Work', 'Gestural Cueing for Alerts or Transitions', 'Need for Discreet or Silent Communication']","5,500","5,500",0,0,0,0,0,0,0,0,0,0,"5,500",0,0,0,0,0,0,0,0,0,0,0
Leather Tooling Artist,"5,500","With dyes and carving tools mid-use, gesture input could toggle references, adjust lighting, or record time stamps.","['Wears Gloves or Hands Often Dirty', 'Multimodal Command Needs']",0,0,"5,500","5,500",0,0,0,0,0,0,0,0,0,0,0,0,0,0,0,0,0,0,0,0
River Rafting Guide,"5,500","While paddling through rapids and guiding tourists, gestures could log route segments, trigger safety signals, or cue route overlays.","['Gestural Cueing for Alerts or Transitions', 'Need for Discreet or Silent Communication', 'Safety-Critical Tasks']","5,500","5,500",0,0,"5,500",0,0,0,0,0,0,0,0,0,0,0,0,0,0,0,0,0,0,0
High School Theater Tech Director,"5,500","In the wings managing live shows, gesture input could toggle cues, flag mic issues, or advance scripts hands-free.","['Touch-Free Requirement', 'Multimodal Command Needs', 'Performance Contexts']",0,0,"5,500",0,0,"5,500",0,0,"5,500",0,0,0,0,0,0,0,0,0,0,0,0,0,0,0
Indoor Toddler Playground Host,"5,500","With both hands managing children, gesture input could mark check-ins, trigger music, or log incidents quickly.",['Gestural Cueing for Alerts or Transitions'],"5,500",0,0,0,0,0,0,0,0,0,0,0,0,0,0,0,0,0,0,0,0,0,0,0
Thrift Store Visual Merchandiser,"5,300","With arms full of vintage items, gesture tools could toggle layout maps, log prices, or flag donations quickly.","['Wears Gloves or Hands Often Dirty', 'Multimodal Command Needs']",0,0,"5,300","5,300",0,0,0,0,0,0,0,0,0,0,0,0,0,0,0,0,0,0,0,0
Faux-Finishing Painter,"5,200","While up on ladders and holding brushes, gesture input could switch pattern references, flag color notes, or log square footage hands-free.","['One-Handed or Asymmetric Work', 'Touch-Free Requirement', 'Multimodal Command Needs']",0,0,"5,200",0,0,"5,200",0,0,0,0,0,0,"5,200",0,0,0,0,0,0,0,0,0,0,0
Amusement Park Trash Crew,"5,200","In high-traffic zones, gestures could mark full bins, request routes, or log hazard cleanups without breaking pace.",['Safety-Critical Tasks'],0,0,0,0,"5,200",0,0,0,0,0,0,0,0,0,0,0,0,0,0,0,0,0,0,0
Hazmat Technician,"5,000","In full hazmat suits, dexterity is severely restricted. Gesture control could operate equipment panels, sensors, or emergency communications safely inside suits.",['Hands Frequently Full'],0,0,0,0,0,0,0,"5,000",0,0,0,0,0,0,0,0,0,0,0,0,0,0,0,0
Bicycle Courier,"5,000","Urban couriers can’t easily pull out phones for directions or status updates. Gesture control could update routes, communicate with dispatch, or log deliveries on-the-go.",[],0,0,0,0,0,0,0,0,0,0,0,0,0,0,0,0,0,0,0,0,0,0,0,0
Underwater Welder,"5,000","Welding underwater demands extreme focus and manual precision. Gesture-controlled tools could manage safety gear, power toggles, or diagnostics in hazardous conditions.","['Wears Gloves or Hands Often Dirty', 'Safety-Critical Tasks']",0,0,0,"5,000","5,000",0,0,0,0,0,0,0,0,0,0,0,0,0,0,0,0,0,0,0
Beekeeper,"5,000","Hands are inside hives and protective gear limits dexterity. Gesture input could assist with hive tracking, environmental data logging, or alerts without breaking focus or exposing skin.","['High-Volume Repetitive Logging', 'Safety-Critical Tasks']",0,0,0,0,"5,000",0,0,0,0,0,0,0,0,"5,000",0,0,0,0,0,0,0,0,0,0
Sous Vide Chef,"5,000","Precision cooking with water baths demands constant temperature monitoring. Gesture input could control cook cycles, document prep, or manage checklists without cross-contamination.","['Environmental Sensitivity (Moisture, Heat, Cold)', 'Sterile or Hygiene-Sensitive Settings', 'Visual Focus Must Stay Forward']",0,0,0,0,0,0,"5,000",0,0,"5,000",0,0,0,0,0,0,"5,000",0,0,0,0,0,0,0
Rescue Helicopter Medic,"5,000","Hands are busy with trauma care while airborne. Gesture-based dashboards could manage vitals, location tracking, or equipment without losing focus.",['Hands Frequently Full'],0,0,0,0,0,0,0,"5,000",0,0,0,0,0,0,0,0,0,0,0,0,0,0,0,0
Tattoo Shop Manager,"5,000","Managing a studio with constant traffic, gesture controls could streamline bookings, sanitize stations, or toggle music without touching screens.",['Multimodal Command Needs'],0,0,"5,000",0,0,0,0,0,0,0,0,0,0,0,0,0,0,0,0,0,0,0,0,0
Military Tank Operator,"5,000","Cramped cockpits with limited mobility make traditional input hard. Gesture interfaces could improve navigation, comms, or internal system control.",['Irregular or Constrained Environments'],0,0,0,0,0,0,0,0,0,0,0,0,0,0,0,0,0,0,0,"5,000",0,0,0,0
Mushroom Forager,"5,000","Deep in forests and often muddy, gestures could log GPS spots, ID fungi, or mark paths without pulling out electronics.",[],0,0,0,0,0,0,0,0,0,0,0,0,0,0,0,0,0,0,0,0,0,0,0,0
Jet Bridge Operator,"5,000","Guiding bridges to aircraft with precision, gesture controls could assist with docking, system checks, or passenger status updates.",[],0,0,0,0,0,0,0,0,0,0,0,0,0,0,0,0,0,0,0,0,0,0,0,0
Street Violinist,"5,000","With bow in hand and audience nearby, gesture input could manage backing tracks, request tips, or switch sets without breaking flow.","['Multimodal Command Needs', 'Task Switching Without Losing Flow']",0,0,"5,000",0,0,0,0,0,0,0,"5,000",0,0,0,0,0,0,0,0,0,0,0,0,0
Chimney Mason,"5,000","Working on roofs with brick and mortar, gestures could toggle diagrams, log flue repairs, or signal assistants safely.","['Multimodal Command Needs', 'Gestural Cueing for Alerts or Transitions', 'Need for Discreet or Silent Communication']","5,000","5,000","5,000",0,0,0,0,0,0,0,0,0,0,0,0,0,0,0,0,0,0,0,0,0
Agricultural Drone Operator,"5,000","Flying over wide fields while holding remotes, gestures could toggle overlays, log pests, or trigger camera scans mid-flight.","['One-Handed or Asymmetric Work', 'Multimodal Command Needs', 'Gestural Cueing for Alerts or Transitions']","5,000",0,"5,000",0,0,0,0,0,0,0,0,0,"5,000",0,0,0,0,0,0,0,0,0,0,0
Tattoo Equipment Sterilization Tech,"5,000","Handling autoclaves and soiled tools, gestures could log runs, flag issues, or adjust settings touch-free.","['Wears Gloves or Hands Often Dirty', 'Touch-Free Requirement', 'Multimodal Command Needs']",0,0,"5,000","5,000",0,"5,000",0,0,0,0,0,0,0,0,0,0,0,0,0,0,0,0,0,0
Wilderness EMT,"5,000","Deep in backcountry with patients, gesture controls could update vitals, trigger GPS pings, or call for evac while mid-care.",['Gestural Cueing for Alerts or Transitions'],"5,000",0,0,0,0,0,0,0,0,0,0,0,0,0,0,0,0,0,0,0,0,0,0,0
State Fair Livestock Handler,"5,000","Managing animals in crowds, gestures could tag stalls, cue feeding, or flag safety issues without needing handheld tech.","['Gestural Cueing for Alerts or Transitions', 'Need for Discreet or Silent Communication', 'Safety-Critical Tasks']","5,000","5,000",0,0,"5,000",0,0,0,0,0,0,0,0,0,0,0,0,0,0,0,0,0,0,0
Competitive Drone Racer,"5,000","Hands locked on a controller and headset on, gestures could trigger camera modes, mark laps, or signal issues instantly.","['Gestural Cueing for Alerts or Transitions', 'Need for Discreet or Silent Communication']","5,000","5,000",0,0,0,0,0,0,0,0,0,0,0,0,0,0,0,0,0,0,0,0,0,0
Art Framer,"5,000","With glass and matboard in-hand, framers could toggle dimensions, rotate digital previews, or request supplies without breaking momentum.",['Multimodal Command Needs'],0,0,"5,000",0,0,0,0,0,0,0,0,0,0,0,0,0,0,0,0,0,0,0,0,0
Compost Facility Operator,"5,000","In dusty, rotating piles of waste, gestures could toggle loading bays, log temperatures, or summon equipment hands-free.","['Touch-Free Requirement', 'Multimodal Command Needs', 'Hands Frequently Full']",0,0,"5,000",0,0,"5,000",0,"5,000",0,0,0,0,0,0,0,0,0,0,0,0,0,0,0,0
Indoor Shooting Range Manager,"5,000","Wearing hearing protection and monitoring safety, gesture input could cycle range rules, flag issues, or toggle target programs.","['Multimodal Command Needs', 'Visual Focus Must Stay Forward', 'Safety-Critical Tasks']",0,0,"5,000",0,"5,000",0,0,0,0,0,0,0,0,0,0,0,"5,000",0,0,0,0,0,0,0
Brewery Tour Educator,"5,000","Leading groups through noisy, wet environments, gestures could cue slides, trigger tasting notes, or respond to questions while staying mobile.","['Constant Motion / Mobile Work', 'Environmental Sensitivity (Moisture, Heat, Cold)', 'Gestural Cueing for Alerts or Transitions', 'Noisy Environments (Voice Input Unreliable)']","5,000",0,0,0,0,0,"5,000",0,0,0,0,0,0,0,0,"5,000",0,0,"5,000",0,0,0,0,0
Tabletop Miniature Painter,"5,000","With a paintbrush in one hand and a magnifying visor on, gestures could cue palettes, rotate references, or mark time sessions.","['One-Handed or Asymmetric Work', 'Gestural Cueing for Alerts or Transitions', 'Need for Discreet or Silent Communication']","5,000","5,000",0,0,0,0,0,0,0,0,0,0,"5,000",0,0,0,0,0,0,0,0,0,0,0
Costumed Park Greeter,"5,000","In full-body suits with limited vision, gestures could flag security, trigger audio clips, or acknowledge guests safely and silently.",['Gestural Cueing for Alerts or Transitions'],"5,000",0,0,0,0,0,0,0,0,0,0,0,0,0,0,0,0,0,0,0,0,0,0,0
Horror Maze Actor,"5,000","Mid-performance in darkness, gestures could cue lighting, flag safety issues, or alert staff without breaking character.","['Performance Contexts', 'Gestural Cueing for Alerts or Transitions', 'Need for Discreet or Silent Communication', 'Safety-Critical Tasks']","5,000","5,000",0,0,"5,000",0,0,0,"5,000",0,0,0,0,0,0,0,0,0,0,0,0,0,0,0
Pickle Manufacturer,"5,000","Surrounded by brine and moving jars, gesture tools could monitor salinity, cue timers, or signal QA issues while gloved.","['Wears Gloves or Hands Often Dirty', 'Gestural Cueing for Alerts or Transitions', 'Need for Discreet or Silent Communication']","5,000","5,000",0,"5,000",0,0,0,0,0,0,0,0,0,0,0,0,0,0,0,0,0,0,0,0
Sleep Study Monitor,"5,000","In dark, silent rooms with patient wires in use, gestures could flag anomalies, cue staff, or log stages silently.","['Dim or Low-Light Workspaces', 'Gestural Cueing for Alerts or Transitions', 'Need for Discreet or Silent Communication']","5,000","5,000",0,0,0,0,0,0,0,0,0,0,0,0,"5,000",0,0,0,0,0,0,0,0,0
DIY Workshop Facilitator,"5,000","Teaching messy projects in community spaces, gestures could control slides, switch cameras, or cue clean-up music hands-free.","['Touch-Free Requirement', 'Multimodal Command Needs', 'Gestural Cueing for Alerts or Transitions', 'Wears Gloves or Hands Often Dirty']","5,000",0,"5,000","5,000",0,"5,000",0,0,0,0,0,0,0,0,0,0,0,0,0,0,0,0,0,0
Spinning Instructor (Outdoor),"5,000","Managing Bluetooth, music, and groups mid-sprint, gestures could rotate playlists, signal intervals, or call hydration breaks.","['Gestural Cueing for Alerts or Transitions', 'Need for Discreet or Silent Communication']","5,000","5,000",0,0,0,0,0,0,0,0,0,0,0,0,0,0,0,0,0,0,0,0,0,0
Livestream Cosplay Host,"4,800","In costume with props, gestures could toggle camera angles, respond to chat, or cue effects without touching streaming gear.","['Multimodal Command Needs', 'Gestural Cueing for Alerts or Transitions', 'Need for Discreet or Silent Communication']","4,800","4,800","4,800",0,0,0,0,0,0,0,0,0,0,0,0,0,0,0,0,0,0,0,0,0
Fish Hatchery Technician,"4,800","Working around tanks and nets with wet hands, gesture input could toggle feeding schedules, log water quality, or alert for anomalies.","['Environmental Sensitivity (Moisture, Heat, Cold)', 'Multimodal Command Needs', 'Gestural Cueing for Alerts or Transitions', 'Safety-Critical Tasks']","4,800",0,"4,800",0,"4,800",0,"4,800",0,0,0,0,0,0,0,0,0,0,0,0,0,0,0,0,0
Indoor Trampoline Park Coach,"4,700","Surrounded by moving kids and foam pits, gesture controls could track sessions, cue audio, or signal support staff with minimal disruption.","['Gestural Cueing for Alerts or Transitions', 'Need for Discreet or Silent Communication']","4,700","4,700",0,0,0,0,0,0,0,0,0,0,0,0,0,0,0,0,0,0,0,0,0,0
Embalmer,"4,500","Precision and sanitation are key during postmortem prep. Gesture control could navigate documentation, tools, or environmental settings without compromising procedures.","['Wears Gloves or Hands Often Dirty', 'Multimodal Command Needs']",0,0,"4,500","4,500",0,0,0,0,0,0,0,0,0,0,0,0,0,0,0,0,0,0,0,0
Archaeological Surveyor,"4,500","On digs, surveyors record terrain, tag finds, and coordinate teams. Gesture input could manage mapping software, logs, or team positioning without interrupting workflow.","['Team-Based Spatial Work', 'Field Work with Limited Tech Access']",0,0,0,0,0,0,0,0,0,0,0,"4,500",0,0,0,0,0,0,0,0,"4,500",0,0,0
Mobile Tattoo Artist,"4,500","At conventions or in-home sessions, gesture control could manage portfolios, bookings, or hygiene records hands-free.","['Sterile or Hygiene-Sensitive Settings', 'High-Volume Repetitive Logging', 'Touch-Free Requirement']",0,0,0,0,0,"4,500",0,0,0,"4,500",0,0,0,"4,500",0,0,0,0,0,0,0,0,0,0
Indoor Bouldering Gym Staff,"4,500","Handling chalk, mats, and climbers, gestures could control music, toggle timers, or report injuries from the floor.",['Multimodal Command Needs'],0,0,"4,500",0,0,0,0,0,0,0,0,0,0,0,0,0,0,0,0,0,0,0,0,0
Search and Rescue Dog Handler,"4,500","With a working K9 at their side, handlers could use gestures to log GPS coordinates, signal team members, or record behavior without dropping leads.","['Team-Based Spatial Work', 'Gestural Cueing for Alerts or Transitions', 'Need for Discreet or Silent Communication']","4,500","4,500",0,0,0,0,0,0,0,0,0,0,0,0,0,0,0,0,0,0,"4,500",0,0,0
Golf Course Cart Mechanic,"4,500","Mid-repair with greasy hands, gestures could bring up diagnostics, reorder parts, or notify pro shop of delays.",[],0,0,0,0,0,0,0,0,0,0,0,0,0,0,0,0,0,0,0,0,0,0,0,0
Haunted House Prop Operator,"4,500","Inside dark mazes with fast timing, gesture input could trigger screams, control fog, or toggle lighting cues instantly.","['Multimodal Command Needs', 'Dim or Low-Light Workspaces', 'Time-Sensitive or High-Paced Environments', 'Gestural Cueing for Alerts or Transitions']","4,500",0,"4,500",0,0,0,0,0,0,0,0,0,0,0,"4,500",0,0,"4,500",0,0,0,0,0,0
Skate Shop Technician,"4,500","While assembling boards or replacing trucks, gesture input could manage order logs, switch between client specs, or access tutorials with messy hands.","['Wears Gloves or Hands Often Dirty', 'Multimodal Command Needs']",0,0,"4,500","4,500",0,0,0,0,0,0,0,0,0,0,0,0,0,0,0,0,0,0,0,0
Sign Spinner,"4,500","Mid-dance on the sidewalk, gestures could trigger sound effects, adjust lights, or log performance hits without breaking rhythm.","['Gestural Cueing for Alerts or Transitions', 'Performance Contexts']","4,500",0,0,0,0,0,0,0,"4,500",0,0,0,0,0,0,0,0,0,0,0,0,0,0,0
Paintball Referee,"4,500","Dodging shots in the field, gestures could pause matches, track players, or cue emergencies quickly.","['Field Work with Limited Tech Access', 'Gestural Cueing for Alerts or Transitions', 'Need for Discreet or Silent Communication']","4,500","4,500",0,0,0,0,0,0,0,0,0,"4,500",0,0,0,0,0,0,0,0,0,0,0,0
Indoor Roller Skating DJ,"4,400","Mid-rink with gear in motion, gestures could trigger sound effects, adjust playlists, or communicate with floor staff while still rolling.",['Gestural Cueing for Alerts or Transitions'],"4,400",0,0,0,0,0,0,0,0,0,0,0,0,0,0,0,0,0,0,0,0,0,0,0
Laser Tag Referee,"4,200","In dark, noisy arenas, gesture input could flag fouls, adjust player gear, or reset games without a controller.","['Dim or Low-Light Workspaces', 'Noisy Environments (Voice Input Unreliable)']",0,0,0,0,0,0,0,0,0,0,0,0,0,0,"4,200",0,0,0,"4,200",0,0,0,0,0
Flag Football Referee,"4,200","Without pockets or tablets on the field, gestures could log fouls, adjust clocks, or signal team actions seamlessly.","['Team-Based Spatial Work', 'Field Work with Limited Tech Access', 'Gestural Cueing for Alerts or Transitions', 'Need for Discreet or Silent Communication']","4,200","4,200",0,0,0,0,0,0,0,0,0,"4,200",0,0,0,0,0,0,0,0,"4,200",0,0,0
Vintage Electronics Repairer,"4,200","With delicate boards and soldering irons in use, gestures could zoom schematics, log capacitor values, or flag order links touch-free.",['Touch-Free Requirement'],0,0,0,0,0,"4,200",0,0,0,0,0,0,0,0,0,0,0,0,0,0,0,0,0,0
Costume Cleaner (Theme Parks),"4,200","Managing bulky, soiled costumes, gesture input could log cleaning runs, flag repairs, or toggle wash cycles without smearing devices.",['Multimodal Command Needs'],0,0,"4,200",0,0,0,0,0,0,0,0,0,0,0,0,0,0,0,0,0,0,0,0,0
Pottery Wheel Instructor,"4,100","With clay-covered hands and a busy studio, gestures could cue music, start timers, or mark student milestones during teaching.","['Gestural Cueing for Alerts or Transitions', 'Need for Discreet or Silent Communication']","4,100","4,100",0,0,0,0,0,0,0,0,0,0,0,0,0,0,0,0,0,0,0,0,0,0
Deep-Sea Diver,"4,000",Divers have zero access to traditional devices underwater. Gesture-controlled heads-up displays or air-supply monitors could revolutionize task management mid-dive.,['Multimodal Command Needs'],0,0,"4,000",0,0,0,0,0,0,0,0,0,0,0,0,0,0,0,0,0,0,0,0,0
Motorsport Pit Crew,"4,000","Every second counts in pit stops, with hands occupied and extreme noise. Gesture inputs could silently confirm tasks, release jacks, or signal equipment needs instantly.","['Multimodal Command Needs', 'Gestural Cueing for Alerts or Transitions', 'Need for Discreet or Silent Communication', 'Hands Frequently Full']","4,000","4,000","4,000",0,0,0,0,"4,000",0,0,0,0,0,0,0,0,0,0,0,0,0,0,0,0
Spacecraft Technician,"4,000","On delicate parts or in sterile cleanrooms, gesture commands could trigger diagnostics, rotate schematics, or log test results without contamination.","['Sterile or Hygiene-Sensitive Settings', 'Gestural Cueing for Alerts or Transitions']","4,000",0,0,0,0,0,0,0,0,"4,000",0,0,0,0,0,0,0,0,0,0,0,0,0,0
Marathon Race Official,"4,000","On course with crowds and timing equipment, gesture control could log laps, trigger signals, or update runners’ positions hands-free.","['Touch-Free Requirement', 'Gestural Cueing for Alerts or Transitions', 'Hands Frequently Full']","4,000",0,0,0,0,"4,000",0,"4,000",0,0,0,0,0,0,0,0,0,0,0,0,0,0,0,0
Ski Lift Mechanic,"4,000","High up in frigid air, mechanics could use gesture control for diagnostics, safety logs, or visual overlays.",['Safety-Critical Tasks'],0,0,0,0,"4,000",0,0,0,0,0,0,0,0,0,0,0,0,0,0,0,0,0,0,0
Clay Target Range Staff,"4,000","Handling guns and safety gear, gesture control could track hits, control throwers, or manage scores without distraction.",['Safety-Critical Tasks'],0,0,0,0,"4,000",0,0,0,0,0,0,0,0,0,0,0,0,0,0,0,0,0,0,0
Bowling Alley Mechanic,"4,000","Grease, oil, and narrow lanes complicate tech access. Gesture control could manage diagnostics, trigger resets, or record faults.","['Wears Gloves or Hands Often Dirty', 'Gestural Cueing for Alerts or Transitions']","4,000",0,0,"4,000",0,0,0,0,0,0,0,0,0,0,0,0,0,0,0,0,0,0,0,0
Confined Space Rescue Tech,"4,000","Working in tunnels or tanks, gesture input could check air readings, flag team status, or trigger beacons when radios fail.","['Team-Based Spatial Work', 'Gestural Cueing for Alerts or Transitions']","4,000",0,0,0,0,0,0,0,0,0,0,0,0,0,0,0,0,0,0,0,"4,000",0,0,0
Drone Delivery Technician,"4,000","Launching and catching drones in chaotic delivery zones, gestures could log dropoffs, navigate reroutes, or sync with client alerts.",[],0,0,0,0,0,0,0,0,0,0,0,0,0,0,0,0,0,0,0,0,0,0,0,0
Parade Float Spotter,"4,000","Navigating city streets, gesture inputs could signal floats, coordinate timing, or report delays silently.","['Multimodal Command Needs', 'Gestural Cueing for Alerts or Transitions', 'Need for Discreet or Silent Communication']","4,000","4,000","4,000",0,0,0,0,0,0,0,0,0,0,0,0,0,0,0,0,0,0,0,0,0
Geological Core Sampler,"4,000","In dirt and rock fields, gesture input could tag GPS coordinates, log findings, or switch sampling tools while hands stay dirty.","['Wears Gloves or Hands Often Dirty', 'Multimodal Command Needs']",0,0,"4,000","4,000",0,0,0,0,0,0,0,0,0,0,0,0,0,0,0,0,0,0,0,0
Cell Tower Climber,"4,000","Working hundreds of feet above ground, gesture input could log diagnostics, communicate status, or mark repairs hands-free.",['Touch-Free Requirement'],0,0,0,0,0,"4,000",0,0,0,0,0,0,0,0,0,0,0,0,0,0,0,0,0,0
Reptile Park Handler,"4,000","Handling snakes, lizards, and venomous species, gestures could toggle exhibit settings, flag issues, or update feeding logs with clean hands.",['Multimodal Command Needs'],0,0,"4,000",0,0,0,0,0,0,0,0,0,0,0,0,0,0,0,0,0,0,0,0,0
Drone Search and Rescue Pilot,"4,000","In chaotic emergency zones, gestures could tag coordinates, switch cams, or alert ground teams while flying.","['Multimodal Command Needs', 'Gestural Cueing for Alerts or Transitions', 'Safety-Critical Tasks']","4,000",0,"4,000",0,"4,000",0,0,0,0,0,0,0,0,0,0,0,0,0,0,0,0,0,0,0
Wildlife Trap Tagger,"4,000","Navigating woods and setting humane traps, gestures could log bait usage, mark locations, or snap images while staying alert.","['Gestural Cueing for Alerts or Transitions', 'Safety-Critical Tasks']","4,000",0,0,0,"4,000",0,0,0,0,0,0,0,0,0,0,0,0,0,0,0,0,0,0,0
Amusement Ride Electrician,"4,000","In noisy, tight maintenance bays, gesture input could toggle power, cycle systems, or cue diagnostics while fully geared.","['Need for Discreet or Silent Communication', 'Multimodal Command Needs', 'Gestural Cueing for Alerts or Transitions', 'Noisy Environments (Voice Input Unreliable)']","4,000","4,000","4,000",0,0,0,0,0,0,0,0,0,0,0,0,0,0,0,"4,000",0,0,0,0,0
Indoor Rock Climbing Route Setter,"4,000","Carrying holds while suspended on ropes, gesture input could rotate blueprints, track wall use, or signal ground crew.","['Gestural Cueing for Alerts or Transitions', 'Need for Discreet or Silent Communication', 'Hands Frequently Full']","4,000","4,000",0,0,0,0,0,"4,000",0,0,0,0,0,0,0,0,0,0,0,0,0,0,0,0
Pumpkin Patch Tour Guide,"4,000","Managing kids, hayrides, and produce, gestures could flag safety concerns, cue trivia games, or track group check-ins.","['Gestural Cueing for Alerts or Transitions', 'Need for Discreet or Silent Communication', 'Safety-Critical Tasks']","4,000","4,000",0,0,"4,000",0,0,0,0,0,0,0,0,0,0,0,0,0,0,0,0,0,0,0
Interactive Aquarium Educator,"4,000","With hands in tanks and children engaged, gestures could control displays, track attendance, or toggle visuals without cross-contamination.","['Sterile or Hygiene-Sensitive Settings', 'Multimodal Command Needs']",0,0,"4,000",0,0,0,0,0,0,"4,000",0,0,0,0,0,0,0,0,0,0,0,0,0,0
Themed Restaurant Character Performer,"4,000","In full costume with no access to traditional devices, gestures could cue music, trigger lighting changes, or summon assistance discreetly.","['Multimodal Command Needs', 'Gestural Cueing for Alerts or Transitions', 'Need for Discreet or Silent Communication']","4,000","4,000","4,000",0,0,0,0,0,0,0,0,0,0,0,0,0,0,0,0,0,0,0,0,0
Sheep Shearer,"4,000","While holding animals and working with clippers, gestures could log fleece weights, mark health issues, or cue breaks hands-free.","['One-Handed or Asymmetric Work', 'Touch-Free Requirement', 'Gestural Cueing for Alerts or Transitions', 'Need for Discreet or Silent Communication']","4,000","4,000",0,0,0,"4,000",0,0,0,0,0,0,"4,000",0,0,0,0,0,0,0,0,0,0,0
Science Fair AV Volunteer,"4,000","Managing mics and projectors for student demos, gestures could toggle feeds, adjust volume, or notify judges unobtrusively.",['Multimodal Command Needs'],0,0,"4,000",0,0,0,0,0,0,0,0,0,0,0,0,0,0,0,0,0,0,0,0,0
Aquaponics Technician,"4,000","Managing fish and plants, gesture input could toggle pumps, mark pH changes, or log filter cycles safely.",['Multimodal Command Needs'],0,0,"4,000",0,0,0,0,0,0,0,0,0,0,0,0,0,0,0,0,0,0,0,0,0
Indoor Bounce House Attendant,"4,000","Monitoring chaotic zones with kids, gestures could pause music, track entry logs, or summon help discreetly.",['Visual Focus Must Stay Forward'],0,0,0,0,0,0,0,0,0,0,0,0,0,0,0,0,"4,000",0,0,0,0,0,0,0
Trailbuilding Crew Leader,"4,000","With shovels in hand and miles of terrain, gestures could log GPS progress, flag safety zones, or cue updates without backpack fumbling.","['Field Work with Limited Tech Access', 'Gestural Cueing for Alerts or Transitions', 'Need for Discreet or Silent Communication', 'Safety-Critical Tasks']","4,000","4,000",0,0,"4,000",0,0,0,0,0,0,"4,000",0,0,0,0,0,0,0,0,0,0,0,0
Bowling Lane Mechanic,"4,000","Greased lanes and ball returns make touch risky — gestures could trigger tests, log pin issues, or alert teams while staying clean.","['Gestural Cueing for Alerts or Transitions', 'Safety-Critical Tasks']","4,000",0,0,0,"4,000",0,0,0,0,0,0,0,0,0,0,0,0,0,0,0,0,0,0,0
Indoor Nerf Arena Referee,"4,000","Surrounded by fast-moving players and foam darts, gestures could trigger start horns, log hits, or signal game end hands-free.","['Touch-Free Requirement', 'Time-Sensitive or High-Paced Environments', 'Gestural Cueing for Alerts or Transitions', 'Need for Discreet or Silent Communication']","4,000","4,000",0,0,0,"4,000",0,0,0,0,0,0,0,0,0,0,0,"4,000",0,0,0,0,0,0
Snowmobile Mechanic,"3,900","In frigid shops with slush and grease, gesture tools could cue diagnostics, log repairs, or mark part shortages without dirtying devices.","['Wears Gloves or Hands Often Dirty', 'Multimodal Command Needs', 'Gestural Cueing for Alerts or Transitions', 'Need for Discreet or Silent Communication']","3,900","3,900","3,900","3,900",0,0,0,0,0,0,0,0,0,0,0,0,0,0,0,0,0,0,0,0
Go-Kart Track Official,"3,800","Managing races with flags and timers, gestures could start laps, mark incidents, or trigger announcements without using a console.",['Gestural Cueing for Alerts or Transitions'],"3,800",0,0,0,0,0,0,0,0,0,0,0,0,0,0,0,0,0,0,0,0,0,0,0
Custom Skateboard Designer,"3,800","Covered in paint and resin, gestures could adjust grip tape previews, rotate boards, or log client builds during design sessions.",[],0,0,0,0,0,0,0,0,0,0,0,0,0,0,0,0,0,0,0,0,0,0,0,0
Music Festival Hydration Team,"3,800","Moving through packed crowds with sloshing gear, gestures could log bottle counts, call security, or trigger light beacons hands-free.","['Touch-Free Requirement', 'Gestural Cueing for Alerts or Transitions']","3,800",0,0,0,0,"3,800",0,0,0,0,0,0,0,0,0,0,0,0,0,0,0,0,0,0
High School Robotics Pit Manager,"3,800","Surrounded by wires and student chaos, gestures could log parts, cue practice rounds, or flag repair queues.","['Gestural Cueing for Alerts or Transitions', 'Need for Discreet or Silent Communication']","3,800","3,800",0,0,0,0,0,0,0,0,0,0,0,0,0,0,0,0,0,0,0,0,0,0
Zoo Train Conductor,"3,600","Driving mini-locomotives with kids onboard, gestures could cue narration, flag stops, or signal attendants safely.","['Gestural Cueing for Alerts or Transitions', 'Need for Discreet or Silent Communication']","3,600","3,600",0,0,0,0,0,0,0,0,0,0,0,0,0,0,0,0,0,0,0,0,0,0
Food Truck Electrician,"3,600","Working around grease, heat, and tight spaces, gestures could toggle circuits, pull diagrams, or log fixes without pulling out tools.","['Wears Gloves or Hands Often Dirty', 'Multimodal Command Needs']",0,0,"3,600","3,600",0,0,0,0,0,0,0,0,0,0,0,0,0,0,0,0,0,0,0,0
Foam Pit Technician (Gymnastics Facility),"3,600","In messy environments with dust masks on, gestures could trigger cleaning systems, track jump counts, or flag hazards.","['Wears Gloves or Hands Often Dirty', 'Gestural Cueing for Alerts or Transitions']","3,600",0,0,"3,600",0,0,0,0,0,0,0,0,0,0,0,0,0,0,0,0,0,0,0,0
Indoor Rope Course Referee,"3,600","Managing high ropes and kids mid-course, gesture input could log timings, mark faults, or trigger signals instantly.",['Gestural Cueing for Alerts or Transitions'],"3,600",0,0,0,0,0,0,0,0,0,0,0,0,0,0,0,0,0,0,0,0,0,0,0
Indoor Dog Pool Attendant,"3,600","Wet, chaotic, and hands-on with excited animals, gestures could toggle water jets, mark entry logs, or cue towels while keeping dry surfaces safe.","['Multimodal Command Needs', 'Environmental Sensitivity (Moisture, Heat, Cold)', 'Gestural Cueing for Alerts or Transitions', 'Wears Gloves or Hands Often Dirty']","3,600",0,"3,600","3,600",0,0,"3,600",0,0,0,0,0,0,0,0,0,0,0,0,0,0,0,0,0
Satellite Ground Station Operator,"3,500","Operators monitor critical signals from satellites where uptime is vital. Gesture controls could navigate dashboards, manage alerts, or adjust antennas without missing a beat.",[],0,0,0,0,0,0,0,0,0,0,0,0,0,0,0,0,0,0,0,0,0,0,0,0
Wildlife Tracker,"3,500","Trackers often work alone in the wilderness with no signal. Gesture-controlled devices could help log signs, map terrain, or flag danger without disrupting trails.","['Multimodal Command Needs', 'Field Work with Limited Tech Access', 'Gestural Cueing for Alerts or Transitions', 'Need for Discreet or Silent Communication']","3,500","3,500","3,500",0,0,0,0,0,0,0,0,"3,500",0,0,0,0,0,0,0,0,0,0,0,0
Construction Site Photographer,"3,500","Climbing scaffolds and wearing PPE, photographers could use gestures to capture images, geotag issues, or navigate shot lists without removing gloves.",[],0,0,0,0,0,0,0,0,0,0,0,0,0,0,0,0,0,0,0,0,0,0,0,0
Autonomous Vehicle Test Driver,"3,500","Hands-on-wheel monitoring AV systems, gesture inputs could flag edge cases, toggle logs, or mark anomalies mid-test.","['Wears Gloves or Hands Often Dirty', 'Multimodal Command Needs', 'Visual Focus Must Stay Forward']",0,0,"3,500","3,500",0,0,0,0,0,0,0,0,0,0,0,0,"3,500",0,0,0,0,0,0,0
Studio Cyclorama Tech,"3,500","Managing seamless walls for photoshoots, gestures could adjust lighting, mark scene changes, or trigger fans without stepping into frame.","['Task Switching Without Losing Flow', 'Gestural Cueing for Alerts or Transitions']","3,500",0,0,0,0,0,0,0,0,0,"3,500",0,0,0,0,0,0,0,0,0,0,0,0,0
Theater Costume Dresser,"3,500","In backstage chaos, dressers need quick cues and tracking. Gesture input could log outfit changes, cue actors, or flag issues quietly.","['Gestural Cueing for Alerts or Transitions', 'Need for Discreet or Silent Communication']","3,500","3,500",0,0,0,0,0,0,0,0,0,0,0,0,0,0,0,0,0,0,0,0,0,0
Ice Road Trucker,"3,500","Driving long-haul in gloves and frost, gesture controls could update navigation, mark hazards, or toggle heaters hands-free.","['Touch-Free Requirement', 'Multimodal Command Needs']",0,0,"3,500",0,0,"3,500",0,0,0,0,0,0,0,0,0,0,0,0,0,0,0,0,0,0
Virtual Reality Arcade Attendant,"3,500","Managing headset users, gestures could calibrate gear, manage sessions, or handle queues without breaking immersion.",[],0,0,0,0,0,0,0,0,0,0,0,0,0,0,0,0,0,0,0,0,0,0,0,0
Wildlife Documentary Host,"3,500","Filming on location with limited equipment access, gestures could cue teleprompters, focus cameras, or mark script segments mid-scene.","['Gestural Cueing for Alerts or Transitions', 'Need for Discreet or Silent Communication', 'Hands Frequently Full']","3,500","3,500",0,0,0,0,0,"3,500",0,0,0,0,0,0,0,0,0,0,0,0,0,0,0,0
Deep Sea Equipment ROV Pilot,"3,500","Hands already on joysticks, gestures could toggle overlays, flag samples, or switch feeds while maintaining visual control.",['Multimodal Command Needs'],0,0,"3,500",0,0,0,0,0,0,0,0,0,0,0,0,0,0,0,0,0,0,0,0,0
Beekeeper Supply Sales Rep,"3,500","Visiting apiaries in suits and gloves, gestures could update orders, display products, or trigger demonstrations while maintaining sterility.",['Gestural Cueing for Alerts or Transitions'],"3,500",0,0,0,0,0,0,0,0,0,0,0,0,0,0,0,0,0,0,0,0,0,0,0
Offshore Wind Turbine Technician,"3,500","On platforms above the sea, gesture tools could log inspections, monitor systems, or cue drones without navigating back to base.","['Wears Gloves or Hands Often Dirty', 'Gestural Cueing for Alerts or Transitions', 'Need for Discreet or Silent Communication']","3,500","3,500",0,"3,500",0,0,0,0,0,0,0,0,0,0,0,0,0,0,0,0,0,0,0,0
Warehouse Drone Picker,"3,500","Monitoring flying units with limited manual controls, gestures could override paths, confirm picks, or signal recharging needs.","['Visual Focus Must Stay Forward', 'Gestural Cueing for Alerts or Transitions', 'Need for Discreet or Silent Communication']","3,500","3,500",0,0,0,0,0,0,0,0,0,0,0,0,0,0,"3,500",0,0,0,0,0,0,0
Custom Saddle Maker,"3,500","Covered in leather tools and stitching wax, gestures could access sizing diagrams, log orders, or toggle finishes with messy hands.","['Wears Gloves or Hands Often Dirty', 'Multimodal Command Needs']",0,0,"3,500","3,500",0,0,0,0,0,0,0,0,0,0,0,0,0,0,0,0,0,0,0,0
Indoor Snow Park Attendant,"3,500","Wearing gloves and ski gear, gestures could operate lifts, monitor safety cams, or cue light sequences with hands occupied.","['Gestural Cueing for Alerts or Transitions', 'Need for Discreet or Silent Communication', 'Safety-Critical Tasks']","3,500","3,500",0,0,"3,500",0,0,0,0,0,0,0,0,0,0,0,0,0,0,0,0,0,0,0
Arcade Machine Technician,"3,500","With tools in-hand and flashing lights around, gestures could toggle diagnostics, flag faults, or update maintenance logs touch-free.","['Wears Gloves or Hands Often Dirty', 'Touch-Free Requirement', 'Multimodal Command Needs']",0,0,"3,500","3,500",0,"3,500",0,0,0,0,0,0,0,0,0,0,0,0,0,0,0,0,0,0
Museum Interactive Exhibit Tech,"3,500","Maintaining touch-based exhibits in crowds, gesture input could trigger diagnostics, swap modes, or log uptime without interrupting visitors.",['Gestural Cueing for Alerts or Transitions'],"3,500",0,0,0,0,0,0,0,0,0,0,0,0,0,0,0,0,0,0,0,0,0,0,0
Public Transit Turnstile Repair Tech,"3,500","Working in confined, dirty mechanical systems, gesture tools could toggle diagrams, record repairs, or notify control rooms without touching shared devices.","['Wears Gloves or Hands Often Dirty', 'Multimodal Command Needs', 'Irregular or Constrained Environments']",0,0,"3,500","3,500",0,0,0,0,0,0,0,0,0,0,0,0,0,0,0,"3,500",0,0,0,0
Urban Rooftop DJ,"3,500","Mid-set with gear under neon lights, gestures could trigger audio drops, change lights, or communicate with security discreetly.",['Gestural Cueing for Alerts or Transitions'],"3,500",0,0,0,0,0,0,0,0,0,0,0,0,0,0,0,0,0,0,0,0,0,0,0
Leather Tannery Worker,"3,500","Covered in dye and chemicals, gesture controls could manage timers, flag flaws, or update logs while preserving hygiene.",['Sterile or Hygiene-Sensitive Settings'],0,0,0,0,0,0,0,0,0,"3,500",0,0,0,0,0,0,0,0,0,0,0,0,0,0
Ferris Wheel Operator,"3,500","With levers in hand and guests loading, gestures could track occupancy, cue lights, or alert for boarding issues discreetly.","['Gestural Cueing for Alerts or Transitions', 'Need for Discreet or Silent Communication', 'Safety-Critical Tasks']","3,500","3,500",0,0,"3,500",0,0,0,0,0,0,0,0,0,0,0,0,0,0,0,0,0,0,0
Urban Farming Youth Program Leader,"3,500","With soil, water, and young students all around, gestures could cue timers, flag group rotation, or share facts hands-free.","['Touch-Free Requirement', 'Gestural Cueing for Alerts or Transitions', 'Need for Discreet or Silent Communication']","3,500","3,500",0,0,0,"3,500",0,0,0,0,0,0,0,0,0,0,0,0,0,0,0,0,0,0
Go-Kart Pit Lane Marshal,"3,400","With both hands on flags or radios, gestures could signal drivers, mark race data, or trigger alerts without breaking pace.","['Gestural Cueing for Alerts or Transitions', 'Need for Discreet or Silent Communication']","3,400","3,400",0,0,0,0,0,0,0,0,0,0,0,0,0,0,0,0,0,0,0,0,0,0
Large Animal Behaviorist,"3,300","Working hands-on with horses or elephants, gestures could log actions, cue behaviors, or request help while focused on the animal.","['Wears Gloves or Hands Often Dirty', 'Gestural Cueing for Alerts or Transitions', 'Need for Discreet or Silent Communication']","3,300","3,300",0,"3,300",0,0,0,0,0,0,0,0,0,0,0,0,0,0,0,0,0,0,0,0
Indoor Track Referee,"3,300","During live meets, gestures could trigger timing systems, flag infractions, or update results while staying mobile and unobtrusive.","['Constant Motion / Mobile Work', 'Gestural Cueing for Alerts or Transitions', 'Performance Contexts']","3,300",0,0,0,0,0,0,0,"3,300",0,0,0,0,0,0,"3,300",0,0,0,0,0,0,0,0
VR Escape Room Operator,"3,300","Managing players in headsets and gear, gesture input could cue clues, flag motion sickness, or monitor sessions live without disruption.","['Gestural Cueing for Alerts or Transitions', 'Need for Discreet or Silent Communication', 'Performance Contexts']","3,300","3,300",0,0,0,0,0,0,"3,300",0,0,0,0,0,0,0,0,0,0,0,0,0,0,0
Scuba Tank Filler,"3,300","Managing pressure gauges with wet gloves, gesture input could confirm levels, flag faulty tanks, or log fills safely.","['Environmental Sensitivity (Moisture, Heat, Cold)']",0,0,0,0,0,0,"3,300",0,0,0,0,0,0,0,0,0,0,0,0,0,0,0,0,0
Rooftop Hydroponic Technician,"3,300","With wet hands and tubing around, gesture input could log pH levels, flag mold, or adjust misting cycles safely.","['Environmental Sensitivity (Moisture, Heat, Cold)']",0,0,0,0,0,0,"3,300",0,0,0,0,0,0,0,0,0,0,0,0,0,0,0,0,0
VR Fitness Class Coach,"3,300","Mid-workout with clients in headsets, gesture cues could change routines, adjust pacing, or trigger hydration breaks on cue.","['Gestural Cueing for Alerts or Transitions', 'Need for Discreet or Silent Communication']","3,300","3,300",0,0,0,0,0,0,0,0,0,0,0,0,0,0,0,0,0,0,0,0,0,0
Pedal-Powered Smoothie Vendor,"3,300","Biking while blending, gestures could update order queues, change music, or flag spill cleanup without dismounting.",[],0,0,0,0,0,0,0,0,0,0,0,0,0,0,0,0,0,0,0,0,0,0,0,0
Escape Room Actor,"3,300","In character and in the dark, gestures could trigger clues, track player progress, or signal game end while staying in role.","['Dim or Low-Light Workspaces', 'Gestural Cueing for Alerts or Transitions', 'Need for Discreet or Silent Communication']","3,300","3,300",0,0,0,0,0,0,0,0,0,0,0,0,"3,300",0,0,0,0,0,0,0,0,0
Prosthetic Makeup Artist,"3,300","Working with adhesives and intricate molds, gestures could toggle reference videos, flag revisions, or log skin reactions without mess.",['Multimodal Command Needs'],0,0,"3,300",0,0,0,0,0,0,0,0,0,0,0,0,0,0,0,0,0,0,0,0,0
Snow Globe Assembly Line Worker,"3,300","Sealing glass and glitter, gestures could flag leaks, toggle fill machines, or track batch numbers without disrupting flow.","['Multimodal Command Needs', 'Task Switching Without Losing Flow']",0,0,"3,300",0,0,0,0,0,0,0,"3,300",0,0,0,0,0,0,0,0,0,0,0,0,0
Bowling Tournament Official,"3,200","Managing brackets and lane disputes, gesture input could adjust scores, summon refs, or flag rule violations touch-free.",['Touch-Free Requirement'],0,0,0,0,0,"3,200",0,0,0,0,0,0,0,0,0,0,0,0,0,0,0,0,0,0
Primate Enclosure Keeper,"3,200","Inside safety zones with strong animals, gesture tools could log enrichment activities, request assistance, or track food cycles.","['Wears Gloves or Hands Often Dirty', 'Safety-Critical Tasks']",0,0,0,"3,200","3,200",0,0,0,0,0,0,0,0,0,0,0,0,0,0,0,0,0,0,0
Ferris Wheel Construction Crew,"3,200","Lifting panels and bolting from high platforms, gesture control could manage assembly instructions, request cranes, or track safety checklists.","['Hands Frequently Full', 'Safety-Critical Tasks']",0,0,0,0,"3,200",0,0,"3,200",0,0,0,0,0,0,0,0,0,0,0,0,0,0,0,0
Scuba Gear Rental Clerk,"3,200","Handling wet equipment, gesture input could manage inventory, scan waivers, or cue instructional videos without touching a touchscreen.","['Environmental Sensitivity (Moisture, Heat, Cold)', 'Gestural Cueing for Alerts or Transitions', 'Need for Discreet or Silent Communication', 'Hands Frequently Full']","3,200","3,200",0,0,0,0,"3,200","3,200",0,0,0,0,0,0,0,0,0,0,0,0,0,0,0,0
Fog Machine Operator,"3,200","Behind the scenes with fluid lines, gestures could cue bursts, toggle modes, or signal performance staff.","['Multimodal Command Needs', 'Gestural Cueing for Alerts or Transitions', 'Need for Discreet or Silent Communication', 'Performance Contexts']","3,200","3,200","3,200",0,0,0,0,0,"3,200",0,0,0,0,0,0,0,0,0,0,0,0,0,0,0
Log Flume Operator,"3,200","With water and guests in motion, gesture input could cue dispatches, log weights, or adjust lighting while staying dry.","['Gestural Cueing for Alerts or Transitions', 'Need for Discreet or Silent Communication']","3,200","3,200",0,0,0,0,0,0,0,0,0,0,0,0,0,0,0,0,0,0,0,0,0,0
Costume Ball Dancer,"3,200","With ornate garments and flowing choreography, gesture tools could cue music transitions, adjust ambient lighting, or request pacing shifts.","['Wears Gloves or Hands Often Dirty', 'Gestural Cueing for Alerts or Transitions', 'Need for Discreet or Silent Communication']","3,200","3,200",0,"3,200",0,0,0,0,0,0,0,0,0,0,0,0,0,0,0,0,0,0,0,0
Livestock Show Judge,"3,200","In crowded arenas with clipboards and crowds, gestures could score animals, flag rule issues, or call assistants hands-free.","['Touch-Free Requirement', 'Noisy Environments (Voice Input Unreliable)']",0,0,0,0,0,"3,200",0,0,0,0,0,0,0,0,0,0,0,0,"3,200",0,0,0,0,0
Food Stylist,"3,200","With tweezers and sauce bottles in hand, gestures could adjust lighting, cue camera shots, or log plating notes touch-free.","['Touch-Free Requirement', 'Gestural Cueing for Alerts or Transitions', 'Need for Discreet or Silent Communication']","3,200","3,200",0,0,0,"3,200",0,0,0,0,0,0,0,0,0,0,0,0,0,0,0,0,0,0
Pasta Dough Roller (Artisanal),"3,200","Covered in flour and focused on texture, gestures could time rest periods, adjust batch logs, or cue next steps in workflow.","['Gestural Cueing for Alerts or Transitions', 'Need for Discreet or Silent Communication']","3,200","3,200",0,0,0,0,0,0,0,0,0,0,0,0,0,0,0,0,0,0,0,0,0,0
Educational Puppet Show Tech,"3,200","Managing kid-friendly lighting and props, gestures could swap slide overlays, cue voiceovers, or adjust speaker volume from behind the scenes.","['Gestural Cueing for Alerts or Transitions', 'Need for Discreet or Silent Communication']","3,200","3,200",0,0,0,0,0,0,0,0,0,0,0,0,0,0,0,0,0,0,0,0,0,0
Bike Messenger Dispatcher,"3,200","With headsets on and fast routing needed, gestures could shift orders, toggle maps, or cue breaks from the dispatch chair.","['Multimodal Command Needs', 'Gestural Cueing for Alerts or Transitions', 'Time-Sensitive or High-Paced Environments', 'Need for Discreet or Silent Communication']","3,200","3,200","3,200",0,0,0,0,0,0,0,0,0,0,0,0,0,0,"3,200",0,0,0,0,0,0
Model Railroad Club Organizer,"3,100","With hands on tiny trains and displays, gestures could toggle sounds, mark layout zones, or cue special effects discreetly.","['Multimodal Command Needs', 'Gestural Cueing for Alerts or Transitions', 'Need for Discreet or Silent Communication']","3,100","3,100","3,100",0,0,0,0,0,0,0,0,0,0,0,0,0,0,0,0,0,0,0,0,0
Trash-Sorting AI Feedback Operator,"3,100","Wearing gloves in smelly environments, gesture input could tag missed detections, log training data, or flag anomalies cleanly.",[],0,0,0,0,0,0,0,0,0,0,0,0,0,0,0,0,0,0,0,0,0,0,0,0
Farmers’ Market Waste Diversion Staff,"3,100","Handling compost and recycling mid-event, gestures could tally weights, flag contamination, or request bin swaps cleanly.",['Sterile or Hygiene-Sensitive Settings'],0,0,0,0,0,0,0,0,0,"3,100",0,0,0,0,0,0,0,0,0,0,0,0,0,0
Public Jam Session Organizer,"3,100","Managing dozens of musicians in real time, gesture tools could cue solos, control volume zones, or mark set transitions.","['Wears Gloves or Hands Often Dirty', 'Gestural Cueing for Alerts or Transitions', 'Need for Discreet or Silent Communication']","3,100","3,100",0,"3,100",0,0,0,0,0,0,0,0,0,0,0,0,0,0,0,0,0,0,0,0
Glassblower,"3,000","Artists work with molten materials and can’t release tools mid-process. Gesture input could control kilns, adjust references, or log piece progress while staying in flow.","['Wears Gloves or Hands Often Dirty', 'Task Switching Without Losing Flow']",0,0,0,"3,000",0,0,0,0,0,0,"3,000",0,0,0,0,0,0,0,0,0,0,0,0,0
Magician,"3,000","Magicians rely on sleight of hand and flow. Gesture-based controls could trigger sound cues, lighting effects, or visual illusions without breaking immersion.","['Task Switching Without Losing Flow', 'Gestural Cueing for Alerts or Transitions']","3,000",0,0,0,0,0,0,0,0,0,"3,000",0,0,0,0,0,0,0,0,0,0,0,0,0
Balloon Artist,"3,000","With constant twisting and shaping, performers can’t touch screens. Gesture control could manage playlists or interact with crowds creatively.",[],0,0,0,0,0,0,0,0,0,0,0,0,0,0,0,0,0,0,0,0,0,0,0,0
Sailboat Rigger,"3,000","Up in masts or tightening lines, riggers work with gloves and motion. Gesture commands could assist with equipment logs or sail adjustments without a tablet.",['Hands Frequently Full'],0,0,0,0,0,0,0,"3,000",0,0,0,0,0,0,0,0,0,0,0,0,0,0,0,0
Crisis Negotiator,"3,000","Engaged in high-stakes convos, negotiators need subtle communication. Gesture input could manage logs, silent alerts, or trigger audio captures discreetly.","['Gestural Cueing for Alerts or Transitions', 'Need for Discreet or Silent Communication']","3,000","3,000",0,0,0,0,0,0,0,0,0,0,0,0,0,0,0,0,0,0,0,0,0,0
Motion Capture Actor,"3,000","Wearing sensors and performing scenes, actors could trigger takes, view references, or adjust rig parameters through gestures.",['Gestural Cueing for Alerts or Transitions'],"3,000",0,0,0,0,0,0,0,0,0,0,0,0,0,0,0,0,0,0,0,0,0,0,0
Hot Air Balloon Operator,"3,000","Flying with limited cockpit space, gesture control could manage altitude data, snap aerial photos, or log trip stats.",[],0,0,0,0,0,0,0,0,0,0,0,0,0,0,0,0,0,0,0,0,0,0,0,0
Water Slide Technician,"3,000","In wet, slippery environments, gesture inputs could inspect logs, toggle flow controls, or check rider counts without handhelds.","['Environmental Sensitivity (Moisture, Heat, Cold)', 'Multimodal Command Needs', 'Task Switching Without Losing Flow']",0,0,"3,000",0,0,0,"3,000",0,0,0,"3,000",0,0,0,0,0,0,0,0,0,0,0,0,0
Roadkill Removal Specialist,"3,000","Sanitation and safety are key. Gesture control could help mark locations, notify dispatch, or log disposal while wearing gloves and gear.",['Safety-Critical Tasks'],0,0,0,0,"3,000",0,0,0,0,0,0,0,0,0,0,0,0,0,0,0,0,0,0,0
Mall Santa,"3,000","In full costume with kids climbing on, gesture input could trigger music, manage queues, or notify staff hands-free.","['Touch-Free Requirement', 'Gestural Cueing for Alerts or Transitions']","3,000",0,0,0,0,"3,000",0,0,0,0,0,0,0,0,0,0,0,0,0,0,0,0,0,0
Aquarium Touch Tank Guide,"3,000","Engaging kids with sea creatures, gesture input could manage timers, cue videos, or update signage while keeping hands in the water.","['Gestural Cueing for Alerts or Transitions', 'Need for Discreet or Silent Communication']","3,000","3,000",0,0,0,0,0,0,0,0,0,0,0,0,0,0,0,0,0,0,0,0,0,0
Fencing Coach,"3,000","With weapons in hand, gestures could update match scores, cue training timers, or log performance metrics on the fly.","['Gestural Cueing for Alerts or Transitions', 'Need for Discreet or Silent Communication', 'Performance Contexts']","3,000","3,000",0,0,0,0,0,0,"3,000",0,0,0,0,0,0,0,0,0,0,0,0,0,0,0
Reptile House Curator,"3,000","Managing venomous species, gestures could adjust lighting, update logs, or activate barriers while hands stay protected.",[],0,0,0,0,0,0,0,0,0,0,0,0,0,0,0,0,0,0,0,0,0,0,0,0
SFX Pyrotechnics Assistant,"3,000","Managing explosive effects, gloves and safety make devices hard to use — gestures could control timers, verify arming sequences, or track status.","['Multimodal Command Needs', 'Safety-Critical Tasks']",0,0,"3,000",0,"3,000",0,0,0,0,0,0,0,0,0,0,0,0,0,0,0,0,0,0,0
Historic Reenactment Blacksmith,"3,000","Working with live flames and metal, gestures could control ambient lighting, cue narration, or track demonstrations hands-free.","['Touch-Free Requirement', 'Gestural Cueing for Alerts or Transitions', 'Need for Discreet or Silent Communication', 'Performance Contexts']","3,000","3,000",0,0,0,"3,000",0,0,"3,000",0,0,0,0,0,0,0,0,0,0,0,0,0,0,0
Calligraphy Artist (Live Events),"3,000","While ink flows from pen to page, gesture input could advance orders, toggle camera views, or manage music hands-free.","['Touch-Free Requirement', 'Multimodal Command Needs']",0,0,"3,000",0,0,"3,000",0,0,0,0,0,0,0,0,0,0,0,0,0,0,0,0,0,0
Surfboard Shaper,"3,000","Covered in foam and resin, gesture tools could toggle specs, play templates, or log materials while working.","['Wears Gloves or Hands Often Dirty', 'Multimodal Command Needs']",0,0,"3,000","3,000",0,0,0,0,0,0,0,0,0,0,0,0,0,0,0,0,0,0,0,0
Snowmobile Tour Guide,"3,000","Driving through snowy terrain in gloves, gesture input could update route progress, trigger safety checks, or communicate with the group on the move.","['Constant Motion / Mobile Work', 'Field Work with Limited Tech Access', 'Gestural Cueing for Alerts or Transitions', 'Safety-Critical Tasks']","3,000",0,0,0,"3,000",0,0,0,0,0,0,"3,000",0,0,0,"3,000",0,0,0,0,0,0,0,0
Field Audio Engineer (Documentary),"3,000","Wearing boom mics and headphones, gesture input could adjust levels, mark clips, or toggle scenes silently during interviews.",['Multimodal Command Needs'],0,0,"3,000",0,0,0,0,0,0,0,0,0,0,0,0,0,0,0,0,0,0,0,0,0
Haunted Corn Maze Guide,"3,000","In costume and managing guests, gestures could cue effects, flag medical concerns, or track groups without leaving character.","['Gestural Cueing for Alerts or Transitions', 'Need for Discreet or Silent Communication']","3,000","3,000",0,0,0,0,0,0,0,0,0,0,0,0,0,0,0,0,0,0,0,0,0,0
Sustainable Timber Cruiser,"3,000","Hiking forests while evaluating trees, gestures could mark specimens, log coordinates, or snap bark images without unpacking devices.",['Multimodal Command Needs'],0,0,"3,000",0,0,0,0,0,0,0,0,0,0,0,0,0,0,0,0,0,0,0,0,0
Trampoline Park Safety Officer,"3,000","Managing motion-heavy zones, gestures could flag jumpers, adjust zones, or signal team leads without pulling out a device.","['Team-Based Spatial Work', 'Gestural Cueing for Alerts or Transitions', 'Need for Discreet or Silent Communication']","3,000","3,000",0,0,0,0,0,0,0,0,0,0,0,0,0,0,0,0,0,0,"3,000",0,0,0
Stage Combat Choreographer,"3,000","While demonstrating weapon moves, gesture input could control music, log takes, or toggle safety settings without stopping the scene.","['Multimodal Command Needs', 'Safety-Critical Tasks']",0,0,"3,000",0,"3,000",0,0,0,0,0,0,0,0,0,0,0,0,0,0,0,0,0,0,0
Large Puppet Street Performer,"3,000","Operating full-body puppets with both hands, gestures could trigger audio, cue reactions, or communicate with crew mid-performance.","['Gestural Cueing for Alerts or Transitions', 'Need for Discreet or Silent Communication', 'Performance Contexts']","3,000","3,000",0,0,0,0,0,0,"3,000",0,0,0,0,0,0,0,0,0,0,0,0,0,0,0
Hot Air Balloon Ground Crew,"3,000","Managing ropes, burners, and baskets, gestures could log inspections, cue inflations, or flag wind warnings while both hands are full.","['Gestural Cueing for Alerts or Transitions', 'Need for Discreet or Silent Communication']","3,000","3,000",0,0,0,0,0,0,0,0,0,0,0,0,0,0,0,0,0,0,0,0,0,0
Stained Glass Artist,"3,000","Holding glass and soldering irons, artists could use gesture tools to rotate templates, toggle light angles, or record steps while in flow.","['Wears Gloves or Hands Often Dirty', 'Multimodal Command Needs', 'Task Switching Without Losing Flow', 'One-Handed or Asymmetric Work']",0,0,"3,000","3,000",0,0,0,0,0,0,"3,000",0,"3,000",0,0,0,0,0,0,0,0,0,0,0
Carnival Ride Safety Tester,"3,000","Covered in grease and riding coasters mid-check, gestures could flag faults, log test passes, or call for technician support without touching devices.","['Wears Gloves or Hands Often Dirty', 'Multimodal Command Needs']",0,0,"3,000","3,000",0,0,0,0,0,0,0,0,0,0,0,0,0,0,0,0,0,0,0,0
Indoor Urban Farm Guide,"3,000","Leading guests through hydroponic towers, gestures could cue facts, trigger lights, or log questions in real-time.","['Task Switching Without Losing Flow', 'Gestural Cueing for Alerts or Transitions', 'Need for Discreet or Silent Communication']","3,000","3,000",0,0,0,0,0,0,0,0,"3,000",0,0,0,0,0,0,0,0,0,0,0,0,0
Indoor Drone Pilot (Warehouse Inventory),"3,000","Operating drones in tight aisle spaces, gesture tools could flag shelf contents, rotate cam feeds, or adjust flight paths live.","['Wears Gloves or Hands Often Dirty', 'Performance Contexts']",0,0,0,"3,000",0,0,0,0,"3,000",0,0,0,0,0,0,0,0,0,0,0,0,0,0,0
Climbing Gym Wall Cleaner,"3,000","Hanging by rope, covered in chalk dust, gestures could log hold conditions, toggle checklists, or flag repairs mid-air.",['Multimodal Command Needs'],0,0,"3,000",0,0,0,0,0,0,0,0,0,0,0,0,0,0,0,0,0,0,0,0,0
Projection Mapping Artist,"3,000","While calibrating projectors in dark environments, gestures could cue test frames, align visuals, or trigger overlays without touching a laptop.","['Dim or Low-Light Workspaces', 'Gestural Cueing for Alerts or Transitions', 'Need for Discreet or Silent Communication']","3,000","3,000",0,0,0,0,0,0,0,0,0,0,0,0,"3,000",0,0,0,0,0,0,0,0,0
Popcorn Factory Operator,"3,000","Surrounded by oil, steam, and high-speed packaging, gesture tools could adjust batch timing, flag fill errors, or summon cleanup.",['Wears Gloves or Hands Often Dirty'],0,0,0,"3,000",0,0,0,0,0,0,0,0,0,0,0,0,0,0,0,0,0,0,0,0
Indoor Ski Resort Safety Tech,"3,000","Surrounded by cold, artificial snow, gesture input could adjust slope lights, log incidents, or call medics with gloved hands.","['Environmental Sensitivity (Moisture, Heat, Cold)']",0,0,0,0,0,0,"3,000",0,0,0,0,0,0,0,0,0,0,0,0,0,0,0,0,0
Outdoor Laser Tag Referee,"3,000","Managing players in open terrain, gestures could issue penalties, pause games, or track player status without disrupting the action.",['Field Work with Limited Tech Access'],0,0,0,0,0,0,0,0,0,0,0,"3,000",0,0,0,0,0,0,0,0,0,0,0,0
Mushroom Identification YouTuber,"3,000","In the forest with spores and a selfie stick, gestures could cue explanations, flag timestamp notes, or engage chat hands-free.","['Touch-Free Requirement', 'Gestural Cueing for Alerts or Transitions', 'Need for Discreet or Silent Communication']","3,000","3,000",0,0,0,"3,000",0,0,0,0,0,0,0,0,0,0,0,0,0,0,0,0,0,0
Competitive LEGO Builder,"3,000","Hands deep in intricate builds, gestures could scroll blueprints, switch references, or log steps without breaking concentration.",['Multimodal Command Needs'],0,0,"3,000",0,0,0,0,0,0,0,0,0,0,0,0,0,0,0,0,0,0,0,0,0
River Tubing Rental Staff,"3,000","Handling wet gear and crowds, gestures could log waivers, cue shuttle pickups, or track group exits hands-free.","['Environmental Sensitivity (Moisture, Heat, Cold)', 'Touch-Free Requirement', 'Gestural Cueing for Alerts or Transitions', 'Need for Discreet or Silent Communication']","3,000","3,000",0,0,0,"3,000","3,000",0,0,0,0,0,0,0,0,0,0,0,0,0,0,0,0,0
Zero-Waste Store Clerk,"3,000","Handling glass jars and customer containers, gesture controls could weigh products, log transactions, or update refill data safely.",['Public-Facing with Frequent Interruptions'],0,0,0,0,0,0,0,0,0,0,0,0,0,0,0,0,0,0,0,0,0,"3,000",0,0
Indoor Golf Ball Collector,"3,000","Driving netted carts under fire, gestures could toggle routes, log ball counts, or alert facility managers quickly.","['Multimodal Command Needs', 'Gestural Cueing for Alerts or Transitions', 'Safety-Critical Tasks']","3,000",0,"3,000",0,"3,000",0,0,0,0,0,0,0,0,0,0,0,0,0,0,0,0,0,0,0
Midway Games Technician,"3,000","With gloves on and under time pressure, gestures could check diagnostics, adjust difficulty, or call supervisors.",[],0,0,0,0,0,0,0,0,0,0,0,0,0,0,0,0,0,0,0,0,0,0,0,0
Virtual Aquarium Guide,"3,000","With a headset on and avatars active, gesture input could change views, flag questions, or trigger fish fact overlays.",['Gestural Cueing for Alerts or Transitions'],"3,000",0,0,0,0,0,0,0,0,0,0,0,0,0,0,0,0,0,0,0,0,0,0,0
Temporary Ice Bar Bartender,"3,000","Surrounded by frozen counters and slippery surfaces, gestures could update menus, cue lighting, or trigger staff support without wet tech.","['Environmental Sensitivity (Moisture, Heat, Cold)', 'Gestural Cueing for Alerts or Transitions', 'Need for Discreet or Silent Communication']","3,000","3,000",0,0,0,0,"3,000",0,0,0,0,0,0,0,0,0,0,0,0,0,0,0,0,0
Community Woodshop Monitor,"2,900","Overseeing dangerous tools and novices, gestures could trigger safety reminders, log equipment use, or alert staff silently.","['Wears Gloves or Hands Often Dirty', 'Hands Frequently Full', 'Gestural Cueing for Alerts or Transitions', 'Safety-Critical Tasks']","2,900",0,0,"2,900","2,900",0,0,"2,900",0,0,0,0,0,0,0,0,0,0,0,0,0,0,0,0
Inflatable Obstacle Race Host,"2,900","Surrounded by noise and motion, gestures could time racers, cue music, or mark cleanup needs without juggling devices.","['Multimodal Command Needs', 'Gestural Cueing for Alerts or Transitions', 'Need for Discreet or Silent Communication']","2,900","2,900","2,900",0,0,0,0,0,0,0,0,0,0,0,0,0,0,0,0,0,0,0,0,0
Ice Cream Cake Decorator,"2,900","With icing bags in use, gestures could scroll photos, mark inventory, or cue packaging printers hands-free.","['Touch-Free Requirement', 'Gestural Cueing for Alerts or Transitions', 'Need for Discreet or Silent Communication']","2,900","2,900",0,0,0,"2,900",0,0,0,0,0,0,0,0,0,0,0,0,0,0,0,0,0,0
Coffee Roasting Educator,"2,900","Teaching with hot beans and loud machines, gestures could switch sensor views, mark tasting rounds, or toggle audio while hands stay on the roaster.","['Environmental Sensitivity (Moisture, Heat, Cold)', 'Multimodal Command Needs', 'Noisy Environments (Voice Input Unreliable)']",0,0,"2,900",0,0,0,"2,900",0,0,0,0,0,0,0,0,0,0,0,"2,900",0,0,0,0,0
Popcorn Ball Machine Attendant,"2,900","Sticky and hot-handed, gesture tools could rotate batches, cue packaging flow, or mark flavor switches without mess.","['Environmental Sensitivity (Moisture, Heat, Cold)', 'Gestural Cueing for Alerts or Transitions', 'Wears Gloves or Hands Often Dirty', 'Task Switching Without Losing Flow']","2,900",0,0,"2,900",0,0,"2,900",0,0,0,"2,900",0,0,0,0,0,0,0,0,0,0,0,0,0
Fireworks Technician,"2,800","Managing explosives with gloved hands, gesture control could trigger checks, track timing, or verify safety conditions from a distance.","['Gestural Cueing for Alerts or Transitions', 'Safety-Critical Tasks']","2,800",0,0,0,"2,800",0,0,0,0,0,0,0,0,0,0,0,0,0,0,0,0,0,0,0
Cruise Ship Lifeguard,"2,800","Watching pools in high sun and humidity, gesture controls could log incidents, signal emergencies, or cue alerts without leaving post.","['Gestural Cueing for Alerts or Transitions', 'Need for Discreet or Silent Communication']","2,800","2,800",0,0,0,0,0,0,0,0,0,0,0,0,0,0,0,0,0,0,0,0,0,0
Parachute Folder,"2,800","Folding chutes for skydivers, gloves and precision make devices impractical. Gesture input could log pack quality or safety flags quickly.","['Multimodal Command Needs', 'Safety-Critical Tasks']",0,0,"2,800",0,"2,800",0,0,0,0,0,0,0,0,0,0,0,0,0,0,0,0,0,0,0
Cruise Stage Lighting Director,"2,800","Mid-show with no margin for error, gesture controls could adjust spots, trigger cues, or manage presets in motion.","['Gestural Cueing for Alerts or Transitions', 'Performance Contexts']","2,800",0,0,0,0,0,0,0,"2,800",0,0,0,0,0,0,0,0,0,0,0,0,0,0,0
Field Biologist (Swamp Ecology),"2,800","Wading through marshes with wet gear, gesture tools could capture observations, mark GPS, or toggle data modes without touching screens.","['Wears Gloves or Hands Often Dirty', 'Multimodal Command Needs', 'Environmental Sensitivity (Moisture, Heat, Cold)']",0,0,"2,800","2,800",0,0,"2,800",0,0,0,0,0,0,0,0,0,0,0,0,0,0,0,0,0
Vintage Press Printer,"2,800","Operating inky, antique machinery, gestures could toggle templates, control rollers, or track prints with clean control.",['Multimodal Command Needs'],0,0,"2,800",0,0,0,0,0,0,0,0,0,0,0,0,0,0,0,0,0,0,0,0,0
Ski Chalet Concierge,"2,800","Balancing luggage, skis, and guests, gesture input could update room assignments, summon transport, or manage scheduling touch-free.","['Touch-Free Requirement', 'Hands Frequently Full']",0,0,0,0,0,"2,800",0,"2,800",0,0,0,0,0,0,0,0,0,0,0,0,0,0,0,0
Indoor Go-Kart Pit Crew,"2,800","Managing fast turnarounds, gesture input could log kart status, reset lap counters, or flag safety issues without reaching for a tablet.","['Time-Sensitive or High-Paced Environments', 'Safety-Critical Tasks']",0,0,0,0,"2,800",0,0,0,0,0,0,0,0,0,0,0,0,"2,800",0,0,0,0,0,0
Pickleball Court Referee,"2,800","Refereeing quick rallies with minimal tech, gestures could cue scoreboards, track faults, or signal timeouts mid-match.","['Gestural Cueing for Alerts or Transitions', 'Need for Discreet or Silent Communication']","2,800","2,800",0,0,0,0,0,0,0,0,0,0,0,0,0,0,0,0,0,0,0,0,0,0
Cheese Festival Tasting Coordinator,"2,800","Surrounded by dairy and eager guests, gesture input could update vendor notes, cue announcements, or log reactions hands-free.","['Touch-Free Requirement', 'Gestural Cueing for Alerts or Transitions', 'Need for Discreet or Silent Communication']","2,800","2,800",0,0,0,"2,800",0,0,0,0,0,0,0,0,0,0,0,0,0,0,0,0,0,0
Wildlife Drone Surveyor,"2,800","Monitoring animal migrations by drone, gestures could switch flight views, flag sightings, or log heat signatures in real-time.","['Multimodal Command Needs', 'Task Switching Without Losing Flow', 'Visual Focus Must Stay Forward']",0,0,"2,800",0,0,0,0,0,0,0,"2,800",0,0,0,0,0,"2,800",0,0,0,0,0,0,0
Mobile Dog Washer,"2,800","In tight vans with wet hands and excited pets, gesture input could log services, call clients, or trigger cleanup cycles hands-free.","['Environmental Sensitivity (Moisture, Heat, Cold)', 'Touch-Free Requirement', 'Gestural Cueing for Alerts or Transitions']","2,800",0,0,0,0,"2,800","2,800",0,0,0,0,0,0,0,0,0,0,0,0,0,0,0,0,0
Indoor Skate Photographer,"2,800","Skating alongside athletes with camera in-hand, gestures could cue slow motion, mark tricks, or switch angles without breaking flow.","['Multimodal Command Needs', 'Task Switching Without Losing Flow', 'Gestural Cueing for Alerts or Transitions', 'Need for Discreet or Silent Communication']","2,800","2,800","2,800",0,0,0,0,0,0,0,"2,800",0,0,0,0,0,0,0,0,0,0,0,0,0
Rowing Coach,"2,800","Shouting from a launch boat with megaphone in hand, gestures could start drills, log splits, or cue form videos mid-row.","['Need for Discreet or Silent Communication', 'Gestural Cueing for Alerts or Transitions', 'Noisy Environments (Voice Input Unreliable)']","2,800","2,800",0,0,0,0,0,0,0,0,0,0,0,0,0,0,0,0,"2,800",0,0,0,0,0
Textile Lab Color Technician,"2,800","With gloves on and eyes on fabric under test lights, gesture tools could rotate swatches, mark passes, or log dye recipes quickly.",['Wears Gloves or Hands Often Dirty'],0,0,0,"2,800",0,0,0,0,0,0,0,0,0,0,0,0,0,0,0,0,0,0,0,0
Mobile Skatepark Installer,"2,800","Setting ramps with both hands full, gestures could confirm placement, cue leveling gear, or notify teams of fit issues.","['Gestural Cueing for Alerts or Transitions', 'Need for Discreet or Silent Communication', 'Hands Frequently Full']","2,800","2,800",0,0,0,0,0,"2,800",0,0,0,0,0,0,0,0,0,0,0,0,0,0,0,0
Chainsaw Mill Operator,"2,800","Holding large timber and dealing with sawdust clouds, gestures could flag cut lines, adjust blade speeds, or notify teammates instantly.",['One-Handed or Asymmetric Work'],0,0,0,0,0,0,0,0,0,0,0,0,"2,800",0,0,0,0,0,0,0,0,0,0,0
Suburban Wildlife Mediator,"2,800","Removing raccoons or foxes from homes, gestures could log animal type, notify rescue centers, or signal dispatch with hands full.","['Gestural Cueing for Alerts or Transitions', 'Need for Discreet or Silent Communication', 'Hands Frequently Full']","2,800","2,800",0,0,0,0,0,"2,800",0,0,0,0,0,0,0,0,0,0,0,0,0,0,0,0
Indoor Golf Simulator Staff,"2,800","With guests swinging clubs nearby, gestures could trigger replays, reset sessions, or mark performance safely.","['Gestural Cueing for Alerts or Transitions', 'Performance Contexts']","2,800",0,0,0,0,0,0,0,"2,800",0,0,0,0,0,0,0,0,0,0,0,0,0,0,0
Hayride Safety Monitor,"2,800","While riding with guests in tow, gestures could cue stop lights, track attendance, or flag weather delays.","['Environmental Sensitivity (Moisture, Heat, Cold)', 'Gestural Cueing for Alerts or Transitions', 'Need for Discreet or Silent Communication']","2,800","2,800",0,0,0,0,"2,800",0,0,0,0,0,0,0,0,0,0,0,0,0,0,0,0,0
VR Theme Park Ride Operator,"2,800","Managing hardware while guests are in headset-mode, gesture input could pause games, sync experiences, or flag sickness in real time.",[],0,0,0,0,0,0,0,0,0,0,0,0,0,0,0,0,0,0,0,0,0,0,0,0
Custom Skatepark Builder,"2,800","Covered in dust and on-site with tools, gesture controls could adjust ramp designs, mark hazards, or call material support on the fly.",['Wears Gloves or Hands Often Dirty'],0,0,0,"2,800",0,0,0,0,0,0,0,0,0,0,0,0,0,0,0,0,0,0,0,0
Custom Embroidery Machine Technician,"2,800","Thread and fabric in motion, gestures could adjust digitizing overlays, flag snags, or cue maintenance prompts without touching panels.","['Gestural Cueing for Alerts or Transitions', 'Need for Discreet or Silent Communication']","2,800","2,800",0,0,0,0,0,0,0,0,0,0,0,0,0,0,0,0,0,0,0,0,0,0
Wildlife Photographer’s Assistant,"2,700","Holding reflectors and carrying gear, gestures could manage shots, track subjects, or cue backups while moving quietly.","['One-Handed or Asymmetric Work', 'Gestural Cueing for Alerts or Transitions', 'Need for Discreet or Silent Communication', 'Hands Frequently Full']","2,700","2,700",0,0,0,0,0,"2,700",0,0,0,0,"2,700",0,0,0,0,0,0,0,0,0,0,0
Vintage Toy Restorer,"2,700","Handling fragile plastics and retro electronics, gestures could rotate references, annotate damage, or log repair notes without contact.",[],0,0,0,0,0,0,0,0,0,0,0,0,0,0,0,0,0,0,0,0,0,0,0,0
Skatepark Manager,"2,700","Watching multiple ramps and skaters, gestures could track time, cue audio, or flag injuries while staying engaged with the space.","['Gestural Cueing for Alerts or Transitions', 'Need for Discreet or Silent Communication']","2,700","2,700",0,0,0,0,0,0,0,0,0,0,0,0,0,0,0,0,0,0,0,0,0,0
Dark Ride Maintenance Crew,"2,700","Inside dark, tight tunnels of theme parks, gestures could cue test runs, activate show modes, or log animatronic issues without flashlight juggling.","['Dim or Low-Light Workspaces', 'Gestural Cueing for Alerts or Transitions', 'Need for Discreet or Silent Communication']","2,700","2,700",0,0,0,0,0,0,0,0,0,0,0,0,"2,700",0,0,0,0,0,0,0,0,0
Chainsaw Safety Instructor,"2,700","Demonstrating tools live, gesture input could cue safety diagrams, pause sessions, or signal assistants without releasing the saw.","['Gestural Cueing for Alerts or Transitions', 'Wears Gloves or Hands Often Dirty', 'Safety-Critical Tasks', 'Need for Discreet or Silent Communication']","2,700","2,700",0,"2,700","2,700",0,0,0,0,0,0,0,0,0,0,0,0,0,0,0,0,0,0,0
Compost Science Lab Analyst,"2,700","Handling microbial samples in bio labs, gestures could trigger microscopes, mark decay phases, or log conditions without touching surfaces.",['Gestural Cueing for Alerts or Transitions'],"2,700",0,0,0,0,0,0,0,0,0,0,0,0,0,0,0,0,0,0,0,0,0,0,0
Ice Cream Flavor Developer,"2,700","Testing batches with gloves and cold tools, gestures could flag texture issues, cue recipe revisions, or capture reactions cleanly.","['Wears Gloves or Hands Often Dirty', 'Environmental Sensitivity (Moisture, Heat, Cold)', 'Gestural Cueing for Alerts or Transitions', 'Need for Discreet or Silent Communication']","2,700","2,700",0,"2,700",0,0,"2,700",0,0,0,0,0,0,0,0,0,0,0,0,0,0,0,0,0
Traveling Model Train Exhibit Host,"2,700","Setting up tracks in convention spaces, gestures could trigger whistle effects, rotate displays, or adjust schedules without touching anything fragile.",['Gestural Cueing for Alerts or Transitions'],"2,700",0,0,0,0,0,0,0,0,0,0,0,0,0,0,0,0,0,0,0,0,0,0,0
Sandbag Flood Barrier Builder,"2,700","In emergencies with muddy gloves and urgency, gestures could log wall progress, mark weak points, or request resupply while still working.",['Time-Sensitive or High-Paced Environments'],0,0,0,0,0,0,0,0,0,0,0,0,0,0,0,0,0,"2,700",0,0,0,0,0,0
Marching Band Uniform Manager,"2,700","Sorting and prepping dozens of outfits, gestures could log sizes, cue repairs, or sync inventories with free hands.","['Gestural Cueing for Alerts or Transitions', 'Need for Discreet or Silent Communication']","2,700","2,700",0,0,0,0,0,0,0,0,0,0,0,0,0,0,0,0,0,0,0,0,0,0
Wildlife Feeding Tour Guide,"2,700","Surrounded by hungry animals, gestures could cue guest movement, flag unsafe zones, or trigger staff alerts discreetly.","['Gestural Cueing for Alerts or Transitions', 'Need for Discreet or Silent Communication']","2,700","2,700",0,0,0,0,0,0,0,0,0,0,0,0,0,0,0,0,0,0,0,0,0,0
Calligraphy Instructor,"2,600","With hands ink-stained and teaching in real-time, gestures could cue examples, toggle camera views, or mark practice progress.","['Multimodal Command Needs', 'Task Switching Without Losing Flow', 'Gestural Cueing for Alerts or Transitions', 'Need for Discreet or Silent Communication']","2,600","2,600","2,600",0,0,0,0,0,0,0,"2,600",0,0,0,0,0,0,0,0,0,0,0,0,0
Theme Park Parade Wrangler,"2,600","Managing floats, costumes, and crowds, gesture input could trigger transitions, log positions, or cue staff responses amid chaos.","['Gestural Cueing for Alerts or Transitions', 'Need for Discreet or Silent Communication']","2,600","2,600",0,0,0,0,0,0,0,0,0,0,0,0,0,0,0,0,0,0,0,0,0,0
Recyclable Art Sculptor,"2,600","Hands in wires and cardboard, gestures could navigate sketches, track time, or cycle lighting during installations.",[],0,0,0,0,0,0,0,0,0,0,0,0,0,0,0,0,0,0,0,0,0,0,0,0
Historical Fortress Tour Docent,"2,600","With guests climbing towers and tunnels, gesture tools could cue AV content, track group movement, or flag emergencies subtly.","['Wears Gloves or Hands Often Dirty', 'Gestural Cueing for Alerts or Transitions', 'Need for Discreet or Silent Communication']","2,600","2,600",0,"2,600",0,0,0,0,0,0,0,0,0,0,0,0,0,0,0,0,0,0,0,0
Laser Tag Maze Designer,"2,600","Inside dark, foggy test chambers, gestures could trigger trap zones, cue lights, or mark test feedback in real-time.","['Task Switching Without Losing Flow', 'Dim or Low-Light Workspaces', 'Gestural Cueing for Alerts or Transitions', 'Need for Discreet or Silent Communication']","2,600","2,600",0,0,0,0,0,0,0,0,"2,600",0,0,0,"2,600",0,0,0,0,0,0,0,0,0
Yarn Dye House Tech,"2,600","Working with color vats and wet skeins, gestures could mark formulas, cue rinses, or track batch IDs without device contamination.","['Environmental Sensitivity (Moisture, Heat, Cold)', 'Sterile or Hygiene-Sensitive Settings', 'Gestural Cueing for Alerts or Transitions', 'Need for Discreet or Silent Communication']","2,600","2,600",0,0,0,0,"2,600",0,0,"2,600",0,0,0,0,0,0,0,0,0,0,0,0,0,0
Labyrinth Escape Maze Attendant,"2,600","Watching hidden cameras in dark tunnels, gesture input could unlock doors, track player stress, or reset puzzles stealthily.",['Dim or Low-Light Workspaces'],0,0,0,0,0,0,0,0,0,0,0,0,0,0,"2,600",0,0,0,0,0,0,0,0,0
Ski Lift Maintenance Supervisor,"2,600","In freezing air with both hands on machinery, gesture tools could trigger status reports, log oil checks, or request spare parts.","['Wears Gloves or Hands Often Dirty', 'Gestural Cueing for Alerts or Transitions']","2,600",0,0,"2,600",0,0,0,0,0,0,0,0,0,0,0,0,0,0,0,0,0,0,0,0
Surfboard Shaping Bay Manager,"2,600","Covered in foam dust and mask on, gestures could mark curves, scroll templates, or cue sander speed changes.","['Gestural Cueing for Alerts or Transitions', 'Need for Discreet or Silent Communication']","2,600","2,600",0,0,0,0,0,0,0,0,0,0,0,0,0,0,0,0,0,0,0,0,0,0
Fish Pedicure Technician,"2,600","Monitoring tanks with feet in use and splash zones, gestures could cue timers, track health logs, or signal client instructions.","['Visual Focus Must Stay Forward', 'Gestural Cueing for Alerts or Transitions', 'Need for Discreet or Silent Communication']","2,600","2,600",0,0,0,0,0,0,0,0,0,0,0,0,0,0,"2,600",0,0,0,0,0,0,0
Costume Repair Staff (Live Theater),"2,600","With thread and fabric mid-show, gestures could flag alterations, cue dressing room alerts, or log rush fixes without delay.","['Gestural Cueing for Alerts or Transitions', 'Need for Discreet or Silent Communication', 'Performance Contexts']","2,600","2,600",0,0,0,0,0,0,"2,600",0,0,0,0,0,0,0,0,0,0,0,0,0,0,0
Sandbag Resistance Fitness Trainer,"2,600","Holding 50 lb bags mid-set, gesture input could cue circuits, log form errors, or rotate stations without breaking rhythm.","['One-Handed or Asymmetric Work', 'Gestural Cueing for Alerts or Transitions', 'Need for Discreet or Silent Communication']","2,600","2,600",0,0,0,0,0,0,0,0,0,0,"2,600",0,0,0,0,0,0,0,0,0,0,0
Scented Candle Showroom Host,"2,600","Managing delicate scents and labels, gestures could rotate scent charts, log inventory, or cue ambient music without residue.","['Gestural Cueing for Alerts or Transitions', 'Need for Discreet or Silent Communication']","2,600","2,600",0,0,0,0,0,0,0,0,0,0,0,0,0,0,0,0,0,0,0,0,0,0
Beach Metal Art Vendor,"2,600","Setting up booths with hot tools, gestures could log sales, flag restocks, or cue customer demos without leaving the torch.","['Public-Facing with Frequent Interruptions', 'Environmental Sensitivity (Moisture, Heat, Cold)', 'Gestural Cueing for Alerts or Transitions', 'Wears Gloves or Hands Often Dirty']","2,600",0,0,"2,600",0,0,"2,600",0,0,0,0,0,0,0,0,0,0,0,0,0,0,"2,600",0,0
Pediatric Surgeon,"2,500","Handling delicate surgeries on infants demands absolute sterility. Gesture input could allow manipulation of imaging, lighting, or reference data without touching anything physical.",[],0,0,0,0,0,0,0,0,0,0,0,0,0,0,0,0,0,0,0,0,0,0,0,0
Professional Climber (Guide),"2,500","Guides lead clients across dangerous vertical terrain where hands must stay free. Gesture control could handle navigation, emergency beacons, or safety checks mid-climb.","['Field Work with Limited Tech Access', 'Safety-Critical Tasks']",0,0,0,0,"2,500",0,0,0,0,0,0,"2,500",0,0,0,0,0,0,0,0,0,0,0,0
Medical Illustrator,"2,500","Illustrators often wear gloves for delicate anatomical sketches. Gesture control could shift references, zoom views, or annotate without smudging or breaking focus.",[],0,0,0,0,0,0,0,0,0,0,0,0,0,0,0,0,0,0,0,0,0,0,0,0
Aquaponics Technician,"2,500","Managing water flow, fish health, and crop systems, gesture input could log data, adjust pumps, or trigger alerts without contamination.","['Sterile or Hygiene-Sensitive Settings', 'Task Switching Without Losing Flow', 'Gestural Cueing for Alerts or Transitions']","2,500",0,0,0,0,0,0,0,0,"2,500","2,500",0,0,0,0,0,0,0,0,0,0,0,0,0
Indoor Skydiving Instructor,"2,500","Managing wind tunnels and beginners, gesture tools could start timers, communicate with guests, or switch programs safely.","['Wears Gloves or Hands Often Dirty', 'Multimodal Command Needs']",0,0,"2,500","2,500",0,0,0,0,0,0,0,0,0,0,0,0,0,0,0,0,0,0,0,0
Live Theater Conductor,"2,500","Leading from the pit with hands occupied, conductors could cue lights, adjust monitors, or manage intermission changes mid-performance.","['Gestural Cueing for Alerts or Transitions', 'Need for Discreet or Silent Communication', 'Performance Contexts']","2,500","2,500",0,0,0,0,0,0,"2,500",0,0,0,0,0,0,0,0,0,0,0,0,0,0,0
Ferris Wheel Operator,"2,500","With safety in mind, gestures could cue music, count passengers, or trigger emergency stops without bulky consoles.","['Gestural Cueing for Alerts or Transitions', 'Need for Discreet or Silent Communication', 'Safety-Critical Tasks']","2,500","2,500",0,0,"2,500",0,0,0,0,0,0,0,0,0,0,0,0,0,0,0,0,0,0,0
Tennis Line Judge,"2,500","Focused on fast calls, gestures could update scores, trigger replays, or communicate quietly with chair umpires.","['Time-Sensitive or High-Paced Environments', 'Gestural Cueing for Alerts or Transitions']","2,500",0,0,0,0,0,0,0,0,0,0,0,0,0,0,0,0,"2,500",0,0,0,0,0,0
Snowmaker (Ski Resort),"2,500","Working at night with freezing gear, gestures could adjust settings, log snow output, or trigger maintenance alerts with gloves on.","['Multimodal Command Needs', 'Gestural Cueing for Alerts or Transitions']","2,500",0,"2,500",0,0,0,0,0,0,0,0,0,0,0,0,0,0,0,0,0,0,0,0,0
Water Taxi Driver,"2,500","Navigating rivers or harbors with both hands on the wheel, gesture input could log pickups, update routes, or trigger horn signals safely.",['Gestural Cueing for Alerts or Transitions'],"2,500",0,0,0,0,0,0,0,0,0,0,0,0,0,0,0,0,0,0,0,0,0,0,0
Industrial Rope Access Painter,"2,500","Hanging on the sides of buildings with full gear, gesture input could check plans, toggle paint types, or report progress safely.",['Multimodal Command Needs'],0,0,"2,500",0,0,0,0,0,0,0,0,0,0,0,0,0,0,0,0,0,0,0,0,0
Puppet Theater Stagehand,"2,500","In tight backstage spaces, gestures could coordinate cues, open trapdoors, or trigger effects in sync with the show.",['Gestural Cueing for Alerts or Transitions'],"2,500",0,0,0,0,0,0,0,0,0,0,0,0,0,0,0,0,0,0,0,0,0,0,0
Giant Pumpkin Grower (Festival Circuit),"2,500","Tending fragile, oversized plants, gestures could cue irrigation, track size logs, or mark health concerns hands-free.","['Touch-Free Requirement', 'Gestural Cueing for Alerts or Transitions', 'Need for Discreet or Silent Communication']","2,500","2,500",0,0,0,"2,500",0,0,0,0,0,0,0,0,0,0,0,0,0,0,0,0,0,0
Kite Festival Performer,"2,500","With both hands managing string and wind, gestures could sync music, log performances, or trigger visuals remotely.",['Gestural Cueing for Alerts or Transitions'],"2,500",0,0,0,0,0,0,0,0,0,0,0,0,0,0,0,0,0,0,0,0,0,0,0
Blacksmithing Instructor,"2,500","With students and 2,000-degree furnaces around, instructors could cue safety instructions, log attendance, or rotate demo visuals with gestures.","['Gestural Cueing for Alerts or Transitions', 'Need for Discreet or Silent Communication', 'Safety-Critical Tasks']","2,500","2,500",0,0,"2,500",0,0,0,0,0,0,0,0,0,0,0,0,0,0,0,0,0,0,0
Indoor Skydiving Coach,"2,500","Floating in wind tunnels alongside guests, coaches could use gestures to adjust speed, cue routines, or call support without breaking focus.","['Gestural Cueing for Alerts or Transitions', 'Need for Discreet or Silent Communication']","2,500","2,500",0,0,0,0,0,0,0,0,0,0,0,0,0,0,0,0,0,0,0,0,0,0
Indoor Sky Garden Curator,"2,500","Tending hanging greenery across glass atriums, gestures could adjust lighting schedules, check moisture levels, or snap photo logs mid-climb.","['Environmental Sensitivity (Moisture, Heat, Cold)']",0,0,0,0,0,0,"2,500",0,0,0,0,0,0,0,0,0,0,0,0,0,0,0,0,0
Emergency Tent Builder (Field Hospital),"2,500","Wearing gloves and balancing tarps in crisis zones, gestures could pull up blueprints, flag supply needs, or confirm setup steps.",['Hands Frequently Full'],0,0,0,0,0,0,0,"2,500",0,0,0,0,0,0,0,0,0,0,0,0,0,0,0,0
Field Irrigation Drone Pilot,"2,500","With both hands on a controller and muddy boots, gestures could log coverage, flag moisture levels, or retarget paths.","['Environmental Sensitivity (Moisture, Heat, Cold)']",0,0,0,0,0,0,"2,500",0,0,0,0,0,0,0,0,0,0,0,0,0,0,0,0,0
Agricultural Extension Drone Trainer,"2,500","In fields with farmers and equipment, gestures could trigger launch demos, mark coordinates, or flag fly zone violations on the fly.","['Gestural Cueing for Alerts or Transitions', 'Hands Frequently Full']","2,500",0,0,0,0,0,0,"2,500",0,0,0,0,0,0,0,0,0,0,0,0,0,0,0,0
Pop-Up Ice Cream Experience Coordinator,"2,500","With scoops in one hand and crowds in the other, gestures could toggle effects, control signage, or flag refill needs quickly.","['One-Handed or Asymmetric Work', 'Multimodal Command Needs']",0,0,"2,500",0,0,0,0,0,0,0,0,0,"2,500",0,0,0,0,0,0,0,0,0,0,0
Chainmail Craftsman,"2,400","Mid-linking with pliers and wire, gestures could scroll designs, log counts, or play tutorials without pausing the weave.",[],0,0,0,0,0,0,0,0,0,0,0,0,0,0,0,0,0,0,0,0,0,0,0,0
Glass Kiln Caster,"2,400","With extreme heat and bulky gloves, gesture control could toggle timing, mark stages, or adjust airflow while avoiding contamination.","['Sterile or Hygiene-Sensitive Settings', 'Multimodal Command Needs']",0,0,"2,400",0,0,0,0,0,0,"2,400",0,0,0,0,0,0,0,0,0,0,0,0,0,0
Fabric Dyer (Artisanal Workshop),"2,400","Handling dyes and wet cloth, gesture input could log colors, adjust timers, or cycle patterns without smearing devices.","['Environmental Sensitivity (Moisture, Heat, Cold)', 'Multimodal Command Needs']",0,0,"2,400",0,0,0,"2,400",0,0,0,0,0,0,0,0,0,0,0,0,0,0,0,0,0
Custom Prosthetics Artist,"2,400","With resin and silicone in-hand, gestures could toggle reference scans, rotate models, or log fitting notes without breaking seal.",['Multimodal Command Needs'],0,0,"2,400",0,0,0,0,0,0,0,0,0,0,0,0,0,0,0,0,0,0,0,0,0
Archival Exhibition Preparator,"2,400","Handling priceless documents with cotton gloves, gestures could cue handling guides, rotate object plans, or signal coworkers.","['Gestural Cueing for Alerts or Transitions', 'Need for Discreet or Silent Communication']","2,400","2,400",0,0,0,0,0,0,0,0,0,0,0,0,0,0,0,0,0,0,0,0,0,0
Fire Spinning Performer,"2,400","Mid-spin with torches alight, gesture cues could control music tempo, trigger visual effects, or signal exits cleanly.","['Gestural Cueing for Alerts or Transitions', 'Need for Discreet or Silent Communication']","2,400","2,400",0,0,0,0,0,0,0,0,0,0,0,0,0,0,0,0,0,0,0,0,0,0
Fireworks Display Technician,"2,400","Working in dark, high-pressure environments with explosives nearby, gestures could arm sequences, cue music sync, or halt a launch with minimal risk.","['Dim or Low-Light Workspaces', 'Gestural Cueing for Alerts or Transitions', 'Need for Discreet or Silent Communication']","2,400","2,400",0,0,0,0,0,0,0,0,0,0,0,0,"2,400",0,0,0,0,0,0,0,0,0
Agricultural Drone Swarm Manager,"2,400","Coordinating multiple UAVs across fields, gestures could reroute fleets, tag problem zones, or adjust coverage on the fly.",[],0,0,0,0,0,0,0,0,0,0,0,0,0,0,0,0,0,0,0,0,0,0,0,0
Costume Boot Designer,"2,400","Handling leathers, glue, and fasteners, gesture input could scroll templates, log measurements, or cycle through client references.",[],0,0,0,0,0,0,0,0,0,0,0,0,0,0,0,0,0,0,0,0,0,0,0,0
Ice Skating Costume Designer,"2,400","While stitching sequins and adjusting fits, gestures could toggle spin video references, mark adjustments, or cue fittings.","['Multimodal Command Needs', 'Gestural Cueing for Alerts or Transitions', 'Need for Discreet or Silent Communication']","2,400","2,400","2,400",0,0,0,0,0,0,0,0,0,0,0,0,0,0,0,0,0,0,0,0,0
Greenhouse Tour Docent,"2,400","Mid-path with watering cans and groups in tow, gestures could cue visuals, toggle temperature info, or flag toxic plants hands-free.","['Touch-Free Requirement', 'Multimodal Command Needs', 'Environmental Sensitivity (Moisture, Heat, Cold)', 'Gestural Cueing for Alerts or Transitions']","2,400",0,"2,400",0,0,"2,400","2,400",0,0,0,0,0,0,0,0,0,0,0,0,0,0,0,0,0
Hoverboard Arena Referee,"2,400","While balancing on a board themselves, gestures could cue fouls, start rounds, or log player actions without delay.","['Gestural Cueing for Alerts or Transitions', 'Need for Discreet or Silent Communication', 'Hands Frequently Full']","2,400","2,400",0,0,0,0,0,"2,400",0,0,0,0,0,0,0,0,0,0,0,0,0,0,0,0
Extreme Sandbox Operator (Heavy Machinery Park),"2,400","Letting guests drive loaders and cranes, gestures could trigger training modules, flag misuse, or cue stop sequences instantly.","['Gestural Cueing for Alerts or Transitions', 'Need for Discreet or Silent Communication']","2,400","2,400",0,0,0,0,0,0,0,0,0,0,0,0,0,0,0,0,0,0,0,0,0,0
Indoor Archery League Scorer,"2,400","Mid-match with clipboard or tablet, gestures could log arrow placement, trigger replays, or cue scoreboard updates cleanly.","['Gestural Cueing for Alerts or Transitions', 'Need for Discreet or Silent Communication']","2,400","2,400",0,0,0,0,0,0,0,0,0,0,0,0,0,0,0,0,0,0,0,0,0,0
Amusement Park Parade Confetti Crew,"2,400","On moving floats with gear in motion, gestures could trigger bursts, log intervals, or cue lighting safely and on-beat.","['Gestural Cueing for Alerts or Transitions', 'Need for Discreet or Silent Communication']","2,400","2,400",0,0,0,0,0,0,0,0,0,0,0,0,0,0,0,0,0,0,0,0,0,0
Miniature Golf Course Designer,"2,400","Mid-construction with turf in-hand, gesture input could scroll blueprint layers, cue animation tests, or flag installation delays.","['Gestural Cueing for Alerts or Transitions', 'Need for Discreet or Silent Communication']","2,400","2,400",0,0,0,0,0,0,0,0,0,0,0,0,0,0,0,0,0,0,0,0,0,0
Skyscraper Window Tint Installer,"2,300","Working at heights with both hands occupied, gestures could log sections, toggle overlays, or adjust placement data.",['Multimodal Command Needs'],0,0,"2,300",0,0,0,0,0,0,0,0,0,0,0,0,0,0,0,0,0,0,0,0,0
Flood Barrier Deployment Crew,"2,300","In storm conditions with mud and chaos, gestures could confirm barrier sections, flag damage, or cue evacuations while handling heavy equipment.","['Gestural Cueing for Alerts or Transitions', 'Need for Discreet or Silent Communication', 'Hands Frequently Full']","2,300","2,300",0,0,0,0,0,"2,300",0,0,0,0,0,0,0,0,0,0,0,0,0,0,0,0
Vertical Billboard Installer,"2,300","Suspended by harnesses downtown, gestures could cue rotation visuals, mark bolts, or signal crane teams clearly.","['Gestural Cueing for Alerts or Transitions', 'Need for Discreet or Silent Communication']","2,300","2,300",0,0,0,0,0,0,0,0,0,0,0,0,0,0,0,0,0,0,0,0,0,0
Recycled Fashion Designer,"2,300","With tools in one hand and fabric in the other, gesture input could switch design views, track materials, or snap process photos.","['Wears Gloves or Hands Often Dirty', 'Multimodal Command Needs', 'One-Handed or Asymmetric Work']",0,0,"2,300","2,300",0,0,0,0,0,0,0,0,"2,300",0,0,0,0,0,0,0,0,0,0,0
Indoor Surf Simulator Attendant,"2,300","Monitoring guests on artificial waves, gestures could adjust water flow, mark falls, or log time slots hands-free.","['Touch-Free Requirement', 'Visual Focus Must Stay Forward', 'Task Switching Without Losing Flow']",0,0,0,0,0,"2,300",0,0,0,0,"2,300",0,0,0,0,0,"2,300",0,0,0,0,0,0,0
Vintage Typewriter Repair Tech,"2,300","Handling delicate keys and greasy mechanisms, gesture tools could navigate repair manuals, log part IDs, or flag warranty issues without typing.",['Wears Gloves or Hands Often Dirty'],0,0,0,"2,300",0,0,0,0,0,0,0,0,0,0,0,0,0,0,0,0,0,0,0,0
Artisanal Ink Blender,"2,300","Hands covered in pigment, gestures could rotate swatches, flag viscosity issues, or record ratios mid-mix.",[],0,0,0,0,0,0,0,0,0,0,0,0,0,0,0,0,0,0,0,0,0,0,0,0
Beekeeper Equipment Retail Rep,"2,300","Visiting apiaries with gloves and gear, gestures could pull up catalogs, log purchases, or cue demo videos on the go.","['Gestural Cueing for Alerts or Transitions', 'Need for Discreet or Silent Communication']","2,300","2,300",0,0,0,0,0,0,0,0,0,0,0,0,0,0,0,0,0,0,0,0,0,0
Indoor Dirt Bike Track Steward,"2,300","Covered in dust and constantly moving, gestures could trigger start lights, flag safety issues, or track race progress.","['Constant Motion / Mobile Work', 'Gestural Cueing for Alerts or Transitions', 'Safety-Critical Tasks']","2,300",0,0,0,"2,300",0,0,0,0,0,0,0,0,0,0,"2,300",0,0,0,0,0,0,0,0
Competitive Puzzle Room Designer,"2,300","Mid-construction in tight spaces, gesture input could rotate layouts, test triggers, or flag inconsistencies without stopping the build.",[],0,0,0,0,0,0,0,0,0,0,0,0,0,0,0,0,0,0,0,0,0,0,0,0
Water Balloon Fight Organizer,"2,300","Managing groups in outdoor chaos, gestures could start matches, signal timeouts, or track inventory without risking waterlogged devices.","['Multimodal Command Needs', 'Gestural Cueing for Alerts or Transitions', 'Need for Discreet or Silent Communication']","2,300","2,300","2,300",0,0,0,0,0,0,0,0,0,0,0,0,0,0,0,0,0,0,0,0,0
Firefighting Foam System Technician,"2,300","Suited up and soaked, gestures could toggle pressure controls, log zone tests, or notify command mid-spray.",['Multimodal Command Needs'],0,0,"2,300",0,0,0,0,0,0,0,0,0,0,0,0,0,0,0,0,0,0,0,0,0
Comic Convention Cosplay Handler,"2,300","Managing crowds and costume logistics, gestures could mark location, flag overheating, or cue photo ops hands-free.","['Touch-Free Requirement', 'Gestural Cueing for Alerts or Transitions', 'Need for Discreet or Silent Communication']","2,300","2,300",0,0,0,"2,300",0,0,0,0,0,0,0,0,0,0,0,0,0,0,0,0,0,0
Compostable Packaging Demo Rep,"2,300","At booths with wet hands and samples, gestures could cycle slides, cue timer demos, or flag orders efficiently.","['Environmental Sensitivity (Moisture, Heat, Cold)', 'Gestural Cueing for Alerts or Transitions', 'Need for Discreet or Silent Communication']","2,300","2,300",0,0,0,0,"2,300",0,0,0,0,0,0,0,0,0,0,0,0,0,0,0,0,0
Watercolor Portrait Street Artist,"2,300","Brush in one hand, palette in the other, gestures could rotate subject references, cue payments, or flag session wrap-up notes.","['One-Handed or Asymmetric Work', 'Gestural Cueing for Alerts or Transitions', 'Need for Discreet or Silent Communication', 'Performance Contexts']","2,300","2,300",0,0,0,0,0,0,"2,300",0,0,0,"2,300",0,0,0,0,0,0,0,0,0,0,0
Light Sculpture Festival Planner,"2,300","Mid-install in dark fields, gestures could test sequences, log failures, or signal crews without needing to carry a device.","['Dim or Low-Light Workspaces', 'Gestural Cueing for Alerts or Transitions', 'Need for Discreet or Silent Communication']","2,300","2,300",0,0,0,0,0,0,0,0,0,0,0,0,"2,300",0,0,0,0,0,0,0,0,0
Radiation Cleanup Worker,"2,200","In full hazmat suits, gesture input could manage readings, safety logs, or team check-ins without breaking protocol.","['Team-Based Spatial Work', 'Safety-Critical Tasks']",0,0,0,0,"2,200",0,0,0,0,0,0,0,0,0,0,0,0,0,0,0,"2,200",0,0,0
Bungee Jump Operator,"2,200","Managing ropes and harnesses, gesture control could confirm safety checks, start countdowns, or cue music with free arms.","['Gestural Cueing for Alerts or Transitions', 'Need for Discreet or Silent Communication', 'Safety-Critical Tasks']","2,200","2,200",0,0,"2,200",0,0,0,0,0,0,0,0,0,0,0,0,0,0,0,0,0,0,0
Costume Puppeteer,"2,200","With both hands inside suits or puppets, gestures could cue audio, lighting, or adjust character performance support systems live.","['Gestural Cueing for Alerts or Transitions', 'Need for Discreet or Silent Communication', 'Performance Contexts']","2,200","2,200",0,0,0,0,0,0,"2,200",0,0,0,0,0,0,0,0,0,0,0,0,0,0,0
Sandbag Barrier Builder (Disaster Relief),"2,200","Wet, muddy, and urgent, gesture input could log completions, request reinforcement, or flag hazards under stress.","['Environmental Sensitivity (Moisture, Heat, Cold)']",0,0,0,0,0,0,"2,200",0,0,0,0,0,0,0,0,0,0,0,0,0,0,0,0,0
Wildlife Tour Boat Skipper,"2,200","Steering and narrating at once, gesture input could mark sightings, adjust volume, or tag GPS pins while staying safe on water.",[],0,0,0,0,0,0,0,0,0,0,0,0,0,0,0,0,0,0,0,0,0,0,0,0
Archery Equipment Technician,"2,200","Handling bows and resin adhesives, gestures could rotate tuning diagrams, log string tension, or trigger quality checks safely.",['Gestural Cueing for Alerts or Transitions'],"2,200",0,0,0,0,0,0,0,0,0,0,0,0,0,0,0,0,0,0,0,0,0,0,0
Theatrical Fly System Operator,"2,200","Handling ropes and counterweights in dark catwalks, gesture controls could cue drops, log cycles, or trigger backup brakes silently.","['Dim or Low-Light Workspaces', 'Gestural Cueing for Alerts or Transitions', 'Need for Discreet or Silent Communication']","2,200","2,200",0,0,0,0,0,0,0,0,0,0,0,0,"2,200",0,0,0,0,0,0,0,0,0
Bungee Jump Technician,"2,200","Managing ropes and client safety in fast-moving sessions, gesture input could confirm weights, cue countdowns, or call for help.","['Time-Sensitive or High-Paced Environments', 'Gestural Cueing for Alerts or Transitions', 'Need for Discreet or Silent Communication', 'Safety-Critical Tasks']","2,200","2,200",0,0,"2,200",0,0,0,0,0,0,0,0,0,0,0,0,"2,200",0,0,0,0,0,0
Steam Train Conductor (Tourist Line),"2,200","In vintage cabs managing heat and crowds, gesture input could cue whistle signals, update schedules, or mark maintenance issues without accessing modern controls.","['Gestural Cueing for Alerts or Transitions', 'Need for Discreet or Silent Communication']","2,200","2,200",0,0,0,0,0,0,0,0,0,0,0,0,0,0,0,0,0,0,0,0,0,0
Paleontology Field Assistant,"2,200","Holding picks and brushes in dig zones, gesture input could log find layers, record depth, or cue drones while staying in position.","['One-Handed or Asymmetric Work', 'Gestural Cueing for Alerts or Transitions', 'Need for Discreet or Silent Communication']","2,200","2,200",0,0,0,0,0,0,0,0,0,0,"2,200",0,0,0,0,0,0,0,0,0,0,0
Bonsai Nursery Caretaker,"2,200","Delicately pruning small trees, gesture input could track watering cycles, toggle lighting, or photograph growth progress while hands are occupied.",['Multimodal Command Needs'],0,0,"2,200",0,0,0,0,0,0,0,0,0,0,0,0,0,0,0,0,0,0,0,0,0
Mobile Axe Throwing Coach,"2,200","On-site at parties with sharp tools in use, gestures could cue safety briefings, log games, or flag rule breaks cleanly.","['Wears Gloves or Hands Often Dirty', 'Gestural Cueing for Alerts or Transitions', 'Need for Discreet or Silent Communication', 'Safety-Critical Tasks']","2,200","2,200",0,"2,200","2,200",0,0,0,0,0,0,0,0,0,0,0,0,0,0,0,0,0,0,0
Vintage Sewing Machine Restorer,"2,200","Surrounded by gears and grease, gestures could toggle diagrams, flag rare parts, or log client progress hands-free.","['Wears Gloves or Hands Often Dirty', 'Touch-Free Requirement', 'Multimodal Command Needs']",0,0,"2,200","2,200",0,"2,200",0,0,0,0,0,0,0,0,0,0,0,0,0,0,0,0,0,0
Live Reading Captioner,"2,200","Typing rapidly with both hands, gestures could mark speaker changes, adjust scroll speed, or alert tech support silently.","['Gestural Cueing for Alerts or Transitions', 'Safety-Critical Tasks']","2,200",0,0,0,"2,200",0,0,0,0,0,0,0,0,0,0,0,0,0,0,0,0,0,0,0
Haunted Trail Security Lead,"2,200","Patrolling dark, wooded zones, gestures could cue alerts, mark guest flow, or trigger light checkpoints with gloves on.","['Task Switching Without Losing Flow', 'Dim or Low-Light Workspaces', 'Gestural Cueing for Alerts or Transitions', 'Need for Discreet or Silent Communication']","2,200","2,200",0,0,0,0,0,0,0,0,"2,200",0,0,0,"2,200",0,0,0,0,0,0,0,0,0
Indoor Mushroom Farm Tour Guide,"2,200","In dark, humid rooms with gloves on, gestures could cue lighting, explain growth cycles, or log questions from visitors.","['Dim or Low-Light Workspaces', 'Gestural Cueing for Alerts or Transitions', 'Need for Discreet or Silent Communication']","2,200","2,200",0,0,0,0,0,0,0,0,0,0,0,0,"2,200",0,0,0,0,0,0,0,0,0
Custom Jumpsuit Tailor,"2,200","With fabric under the machine and chalk on fingers, gestures could cue sizing overlays, log progress, or access inspiration touch-free.","['Touch-Free Requirement', 'Gestural Cueing for Alerts or Transitions', 'Need for Discreet or Silent Communication']","2,200","2,200",0,0,0,"2,200",0,0,0,0,0,0,0,0,0,0,0,0,0,0,0,0,0,0
Parkour Gym Coach,"2,200","On the move with athletes in motion, gestures could cue timers, flag landing zones, or rotate drills hands-free.","['Constant Motion / Mobile Work', 'Touch-Free Requirement', 'Gestural Cueing for Alerts or Transitions', 'Need for Discreet or Silent Communication']","2,200","2,200",0,0,0,"2,200",0,0,0,0,0,0,0,0,0,"2,200",0,0,0,0,0,0,0,0
Outdoor Wedding Sound Tech,"2,200","Managing mics in unpredictable weather, gestures could adjust gain, cue aisle music, or troubleshoot feedback discreetly.","['Environmental Sensitivity (Moisture, Heat, Cold)', 'Gestural Cueing for Alerts or Transitions', 'Need for Discreet or Silent Communication']","2,200","2,200",0,0,0,0,"2,200",0,0,0,0,0,0,0,0,0,0,0,0,0,0,0,0,0
Sensory-Friendly Theater Usher,"2,200","Ensuring comfort in dark, quiet spaces, gestures could cue lighting changes, flag breaks, or request assistance silently.","['Dim or Low-Light Workspaces', 'Gestural Cueing for Alerts or Transitions', 'Need for Discreet or Silent Communication']","2,200","2,200",0,0,0,0,0,0,0,0,0,0,0,0,"2,200",0,0,0,0,0,0,0,0,0
Costume Hat Fabricator,"2,200","While working with felt and hot glue, gestures could scroll size charts, cue mold warmers, or record time spent per piece.","['Environmental Sensitivity (Moisture, Heat, Cold)', 'Gestural Cueing for Alerts or Transitions', 'Need for Discreet or Silent Communication']","2,200","2,200",0,0,0,0,"2,200",0,0,0,0,0,0,0,0,0,0,0,0,0,0,0,0,0
Futuristic Arcade Game Technician,"2,200","With haptic gloves and VR headsets, gestures could initiate resets, log bugs, or test updates hands-free.",['Touch-Free Requirement'],0,0,0,0,0,"2,200",0,0,0,0,0,0,0,0,0,0,0,0,0,0,0,0,0,0
Glow-in-the-Dark Paint Tech,"2,200","With blacklight and goggles in use, gestures could switch palette presets, mark reactions, or log glow durations.",['Multimodal Command Needs'],0,0,"2,200",0,0,0,0,0,0,0,0,0,0,0,0,0,0,0,0,0,0,0,0,0
Wildlife Camera Trap Technician,"2,100","Deploying motion-sensor cameras in wild terrain, gestures could verify angles, sync units, or tag zones without unpacking laptops.",['Field Work with Limited Tech Access'],0,0,0,0,0,0,0,0,0,0,0,"2,100",0,0,0,0,0,0,0,0,0,0,0,0
Sand Volleyball Announcer,"2,100","With mic in hand and sun glare up, gestures could cue scoreboards, update rosters, or notify medics without delay.","['Gestural Cueing for Alerts or Transitions', 'Need for Discreet or Silent Communication']","2,100","2,100",0,0,0,0,0,0,0,0,0,0,0,0,0,0,0,0,0,0,0,0,0,0
Prop Weapon Handler (TV Set),"2,100","Managing fake firearms on set, gesture input could cue reset checks, toggle inventories, or log armory releases cleanly.","['Multimodal Command Needs', 'Gestural Cueing for Alerts or Transitions', 'Need for Discreet or Silent Communication']","2,100","2,100","2,100",0,0,0,0,0,0,0,0,0,0,0,0,0,0,0,0,0,0,0,0,0
Indoor VR Zombie Game Referee,"2,100","Tracking players with headsets on, gestures could flag walls, trigger safety freezes, or help staff reset rooms quickly.","['Gestural Cueing for Alerts or Transitions', 'Safety-Critical Tasks']","2,100",0,0,0,"2,100",0,0,0,0,0,0,0,0,0,0,0,0,0,0,0,0,0,0,0
Off-Grid Cabin Systems Installer,"2,100","In the woods with gloved hands and wires, gesture tools could toggle solar outputs, log system checks, or cue instruction videos.","['Wears Gloves or Hands Often Dirty', 'Multimodal Command Needs', 'Gestural Cueing for Alerts or Transitions', 'Need for Discreet or Silent Communication']","2,100","2,100","2,100","2,100",0,0,0,0,0,0,0,0,0,0,0,0,0,0,0,0,0,0,0,0
Rooftop Garden Chef,"2,100","Cooking with herbs at the source, gestures could rotate recipes, cue music, or log dish variations in the middle of prep.","['Gestural Cueing for Alerts or Transitions', 'Need for Discreet or Silent Communication']","2,100","2,100",0,0,0,0,0,0,0,0,0,0,0,0,0,0,0,0,0,0,0,0,0,0
Interactive Escape Maze Builder,"2,100","Covered in paint, sensors, and props, gesture input could toggle blueprints, log puzzle tests, or cue ambient sound layers hands-free.","['Touch-Free Requirement', 'Multimodal Command Needs', 'Gestural Cueing for Alerts or Transitions', 'Need for Discreet or Silent Communication']","2,100","2,100","2,100",0,0,"2,100",0,0,0,0,0,0,0,0,0,0,0,0,0,0,0,0,0,0
Scientific Research Diver,"2,000","Divers studying marine ecosystems need hands-free methods to log observations or navigate tools underwater, where traditional interaction is impossible.","['Wears Gloves or Hands Often Dirty', 'Touch-Free Requirement']",0,0,0,"2,000",0,"2,000",0,0,0,0,0,0,0,0,0,0,0,0,0,0,0,0,0,0
Aquarium Diver,"2,000","These divers clean tanks and care for aquatic life with full gloves, underwater tools, and no voice options. Gesture control could assist with route planning, feeding logs, or comms.",['Wears Gloves or Hands Often Dirty'],0,0,0,"2,000",0,0,0,0,0,0,0,0,0,0,0,0,0,0,0,0,0,0,0,0
Neon Sign Technician,"2,000","These technicians handle delicate glass in awkward installs. Gesture input could zoom in on schematics, log heat tests, or contact teams without setting things down.",['Irregular or Constrained Environments'],0,0,0,0,0,0,0,0,0,0,0,0,0,0,0,0,0,0,0,"2,000",0,0,0,0
Lifeboat Instructor,"2,000","Teaching emergency drills on boats, instructors could use gestures to launch demo sequences, play simulations, or trigger audio without holding remotes.","['One-Handed or Asymmetric Work', 'Gestural Cueing for Alerts or Transitions']","2,000",0,0,0,0,0,0,0,0,0,0,0,"2,000",0,0,0,0,0,0,0,0,0,0,0
Ice Resurfacer Operator,"2,000","Mid-rink and mid-shift, operators could benefit from gesture input for timers, path overlays, or equipment status updates.",['Hands Frequently Full'],0,0,0,0,0,0,0,"2,000",0,0,0,0,0,0,0,0,0,0,0,0,0,0,0,0
Sculpture Conservator,"2,000","Handling centuries-old objects, conservators could use gestures to document restoration, adjust reference imagery, or call assistants.",[],0,0,0,0,0,0,0,0,0,0,0,0,0,0,0,0,0,0,0,0,0,0,0,0
Pet Funeral Director,"2,000","Managing emotional clients while handling remains, gesture tools could aid with service cues, logs, or system toggles without disrupting dignity.","['Wears Gloves or Hands Often Dirty', 'Public-Facing with Frequent Interruptions']",0,0,0,"2,000",0,0,0,0,0,0,0,0,0,0,0,0,0,0,0,0,0,"2,000",0,0
Fire Lookout,"2,000","Stationed alone in towers scanning forests, lookouts could use gestures to tag smoke sightings, adjust sensors, or log wind data without stepping away from binoculars.",[],0,0,0,0,0,0,0,0,0,0,0,0,0,0,0,0,0,0,0,0,0,0,0,0
Wind Tunnel Engineer,"2,000","Surrounded by air pressure and turbines, gestures could adjust settings, cue data capture, or flag anomalies safely.","['Multimodal Command Needs', 'Gestural Cueing for Alerts or Transitions', 'Need for Discreet or Silent Communication']","2,000","2,000","2,000",0,0,0,0,0,0,0,0,0,0,0,0,0,0,0,0,0,0,0,0,0
Motion Simulator Operator,"2,000","Inside pods, gesture input could control scenarios, stop sequences, or flag malfunctions without reaching for hardware.",[],0,0,0,0,0,0,0,0,0,0,0,0,0,0,0,0,0,0,0,0,0,0,0,0
Chainsaw Carver,"2,000","With both hands occupied and safety critical, gesture input could trigger videos, mark cuts, or document progress without setting tools down.","['Wears Gloves or Hands Often Dirty', 'Gestural Cueing for Alerts or Transitions', 'Safety-Critical Tasks']","2,000",0,0,"2,000","2,000",0,0,0,0,0,0,0,0,0,0,0,0,0,0,0,0,0,0,0
Municipal Snow Fence Installer,"2,000","Often working in freezing temps with stakes, gesture input could mark zones, log completions, or adjust plans while bundled in gloves.",[],0,0,0,0,0,0,0,0,0,0,0,0,0,0,0,0,0,0,0,0,0,0,0,0
Indoor Laser Maze Attendant,"2,000","In dark entertainment spaces, gestures could reset games, signal assistance, or trigger mode changes without leaving the control area.","['Dim or Low-Light Workspaces', 'Gestural Cueing for Alerts or Transitions', 'Need for Discreet or Silent Communication']","2,000","2,000",0,0,0,0,0,0,0,0,0,0,0,0,"2,000",0,0,0,0,0,0,0,0,0
Commercial Bee Relocator,"2,000","Handling hives with protective suits, gesture input could track swarms, tag queens, or log colony health without touching devices.",['Multimodal Command Needs'],0,0,"2,000",0,0,0,0,0,0,0,0,0,0,0,0,0,0,0,0,0,0,0,0,0
Goat Yoga Instructor,"2,000","Managing animals and participants, gestures could cue music, mark attendance, or time sessions without touching devices mid-class.","['Multimodal Command Needs', 'Gestural Cueing for Alerts or Transitions', 'Need for Discreet or Silent Communication']","2,000","2,000","2,000",0,0,0,0,0,0,0,0,0,0,0,0,0,0,0,0,0,0,0,0,0
Costume Quick-Change Assistant,"2,000","In the dark backstage with seconds to spare, gestures could cue dressers, trigger lights, or confirm readiness silently.","['Dim or Low-Light Workspaces', 'Gestural Cueing for Alerts or Transitions', 'Need for Discreet or Silent Communication']","2,000","2,000",0,0,0,0,0,0,0,0,0,0,0,0,"2,000",0,0,0,0,0,0,0,0,0
Urban Rooftop Beekeeper,"2,000","In full protective suits and high winds, gesture control could manage hive logs, call for assistance, or cue smoke systems.","['Gestural Cueing for Alerts or Transitions', 'Need for Discreet or Silent Communication']","2,000","2,000",0,0,0,0,0,0,0,0,0,0,0,0,0,0,0,0,0,0,0,0,0,0
Underwater Welder’s Safety Diver,"2,000","Hovering near welders, hands-on safety divers could use gestures to trigger alerts, log durations, or track oxygen while maintaining observation.","['Wears Gloves or Hands Often Dirty', 'Gestural Cueing for Alerts or Transitions', 'Safety-Critical Tasks']","2,000",0,0,"2,000","2,000",0,0,0,0,0,0,0,0,0,0,0,0,0,0,0,0,0,0,0
Live Auctioneer,"2,000","Managing energy and pacing with a mic in hand, gesture input could adjust bid tracking, toggle displays, or manage lot transitions discreetly.",['Multimodal Command Needs'],0,0,"2,000",0,0,0,0,0,0,0,0,0,0,0,0,0,0,0,0,0,0,0,0,0
Barn Quilt Artist,"2,000","Perched on ladders with wet paint, gestures could toggle references, check alignment, or cue documentation shots hands-free.","['Touch-Free Requirement', 'Multimodal Command Needs', 'Environmental Sensitivity (Moisture, Heat, Cold)', 'Gestural Cueing for Alerts or Transitions']","2,000",0,"2,000",0,0,"2,000","2,000",0,0,0,0,0,0,0,0,0,0,0,0,0,0,0,0,0
Graffiti Art Installer (Legal Walls),"2,000","With paint cans and gloves in hand, gestures could toggle concepts, log progress, or control projections without smudging gear.",['Multimodal Command Needs'],0,0,"2,000",0,0,0,0,0,0,0,0,0,0,0,0,0,0,0,0,0,0,0,0,0
Audio Describer (Live Theater),"2,000","Whispering narration during shows, gestures could control audio feeds, cue segments, or adjust volume discreetly.","['Gestural Cueing for Alerts or Transitions', 'Need for Discreet or Silent Communication']","2,000","2,000",0,0,0,0,0,0,0,0,0,0,0,0,0,0,0,0,0,0,0,0,0,0
Horse Showground Announcer,"2,000","With mic in hand and horses moving below, gestures could cue music, adjust audio levels, or highlight program updates seamlessly.","['Gestural Cueing for Alerts or Transitions', 'Need for Discreet or Silent Communication']","2,000","2,000",0,0,0,0,0,0,0,0,0,0,0,0,0,0,0,0,0,0,0,0,0,0
Vertical Garden Installer,"2,000","On ladders with pots and moss in hand, gestures could manage layout diagrams, log irrigation zones, or check inventory without pausing.",[],0,0,0,0,0,0,0,0,0,0,0,0,0,0,0,0,0,0,0,0,0,0,0,0
Lava Rock Miner,"2,000","In heat and dust with heavy tools, gestures could flag hazards, mark yields, or trigger ventilation settings safely.","['Wears Gloves or Hands Often Dirty', 'Multimodal Command Needs', 'Gestural Cueing for Alerts or Transitions']","2,000",0,"2,000","2,000",0,0,0,0,0,0,0,0,0,0,0,0,0,0,0,0,0,0,0,0
TV Studio Teleprompter Operator,"2,000","During live broadcasts, gestures could silently scroll text, jump cues, or adjust pacing without touching a physical controller.",['Performance Contexts'],0,0,0,0,0,0,0,0,"2,000",0,0,0,0,0,0,0,0,0,0,0,0,0,0,0
Ice Resurfacing Driver,"2,000","Steering Zambonis during live hockey events, drivers could toggle resurfacing modes, track lap counts, or flag issues without reaching consoles.","['Multimodal Command Needs', 'Performance Contexts']",0,0,"2,000",0,0,0,0,0,"2,000",0,0,0,0,0,0,0,0,0,0,0,0,0,0,0
Disaster Simulation Actor,"2,000","Acting in mock trauma events, gestures could signal medics, cue wounds, or mark scenario progress discreetly.","['Gestural Cueing for Alerts or Transitions', 'Need for Discreet or Silent Communication']","2,000","2,000",0,0,0,0,0,0,0,0,0,0,0,0,0,0,0,0,0,0,0,0,0,0
Bubble Artist,"2,000","Hands wet and mid-performance, gesture input could trigger music, toggle lighting, or manage crowd interaction effects smoothly.","['Environmental Sensitivity (Moisture, Heat, Cold)', 'Multimodal Command Needs', 'Gestural Cueing for Alerts or Transitions', 'Performance Contexts']","2,000",0,"2,000",0,0,0,"2,000",0,"2,000",0,0,0,0,0,0,0,0,0,0,0,0,0,0,0
Wind Tunnel Tech (Aerospace),"2,000","Managing sensors and turbines in high-pressure zones, gestures could cycle models, pause tests, or flag readings remotely.",[],0,0,0,0,0,0,0,0,0,0,0,0,0,0,0,0,0,0,0,0,0,0,0,0
Saddle Fitter,"2,000","Adjusting tack on live animals, gesture input could log measurements, toggle templates, or request second opinions without stepping away.","['Multimodal Command Needs', 'Performance Contexts']",0,0,"2,000",0,0,0,0,0,"2,000",0,0,0,0,0,0,0,0,0,0,0,0,0,0,0
Historic Ship Restorer,"2,000","Handling tar and antique wood, gestures could navigate restoration blueprints, flag timber issues, or document work without gloves off.",[],0,0,0,0,0,0,0,0,0,0,0,0,0,0,0,0,0,0,0,0,0,0,0,0
Parade Float Fire Marshall,"2,000","Walking beside generators and props, gestures could scan permits, flag risks, or cue extinguishers with quick access.","['Constant Motion / Mobile Work', 'Gestural Cueing for Alerts or Transitions', 'Need for Discreet or Silent Communication']","2,000","2,000",0,0,0,0,0,0,0,0,0,0,0,0,0,"2,000",0,0,0,0,0,0,0,0
Antique Piano Tuner,"2,000","Inside homes adjusting fragile mechanisms, gesture input could cue pitch references, track key issues, or log client preferences cleanly.","['Gestural Cueing for Alerts or Transitions', 'Need for Discreet or Silent Communication']","2,000","2,000",0,0,0,0,0,0,0,0,0,0,0,0,0,0,0,0,0,0,0,0,0,0
Drone Wedding Videographer,"2,000","Mid-flight in formal wear, gestures could adjust angle presets, snap group shots, or track couple location on the fly.",[],0,0,0,0,0,0,0,0,0,0,0,0,0,0,0,0,0,0,0,0,0,0,0,0
Climbing Hold Sculptor,"2,000","Covered in dust and epoxy, gestures could rotate CAD designs, adjust scaling, or flag texture feedback in real-time.",['Task Switching Without Losing Flow'],0,0,0,0,0,0,0,0,0,0,"2,000",0,0,0,0,0,0,0,0,0,0,0,0,0
Urban Zipline Operator,"2,000","With gloves on and wind rushing past, gestures could flag departures, track runs, or call for hold with minimal motion.",[],0,0,0,0,0,0,0,0,0,0,0,0,0,0,0,0,0,0,0,0,0,0,0,0
Indoor Bo Staff Instructor,"2,000","Mid-demo with both hands active, gestures could pause drills, cue video playback, or mark form errors hands-free.","['Touch-Free Requirement', 'Gestural Cueing for Alerts or Transitions', 'Need for Discreet or Silent Communication']","2,000","2,000",0,0,0,"2,000",0,0,0,0,0,0,0,0,0,0,0,0,0,0,0,0,0,0
Indoor Archery Tag Referee,"2,000","Mid-game with moving players, gesture tools could signal penalties, pause action, or reset matches quickly.","['Wears Gloves or Hands Often Dirty', 'Gestural Cueing for Alerts or Transitions', 'Need for Discreet or Silent Communication']","2,000","2,000",0,"2,000",0,0,0,0,0,0,0,0,0,0,0,0,0,0,0,0,0,0,0,0
Stunt Show Pyrotechnics Assistant,"2,000","Operating under live fire cues, gestures could confirm placement, cue backups, or mark failures with maximum speed and safety.","['Performance Contexts', 'Gestural Cueing for Alerts or Transitions', 'Need for Discreet or Silent Communication', 'Safety-Critical Tasks']","2,000","2,000",0,0,"2,000",0,0,0,"2,000",0,0,0,0,0,0,0,0,0,0,0,0,0,0,0
Marine Tank Filtration Technician,"2,000","Elbow-deep in water systems, gesture tools could cue backflushes, flag leaks, or log pH without leaving the tank.","['Wears Gloves or Hands Often Dirty', 'Gestural Cueing for Alerts or Transitions', 'Need for Discreet or Silent Communication']","2,000","2,000",0,"2,000",0,0,0,0,0,0,0,0,0,0,0,0,0,0,0,0,0,0,0,0
Reptile Show Presenter,"2,000","Holding snakes or lizards in classrooms, gesture input could rotate educational slides, cue videos, or log questions while fully engaged.","['One-Handed or Asymmetric Work', 'Gestural Cueing for Alerts or Transitions', 'Need for Discreet or Silent Communication']","2,000","2,000",0,0,0,0,0,0,0,0,0,0,"2,000",0,0,0,0,0,0,0,0,0,0,0
Pop-Up Roller Disco Organizer,"2,000","On skates, mid-event, gestures could adjust sound levels, trigger light shows, or signal time calls without tech stations.","['Gestural Cueing for Alerts or Transitions', 'Need for Discreet or Silent Communication']","2,000","2,000",0,0,0,0,0,0,0,0,0,0,0,0,0,0,0,0,0,0,0,0,0,0
Museum Shipping Crate Carpenter,"2,000","With plywood panels and nails in use, gestures could cue measurement templates, mark fragility specs, or confirm schedules.","['Gestural Cueing for Alerts or Transitions', 'Need for Discreet or Silent Communication']","2,000","2,000",0,0,0,0,0,0,0,0,0,0,0,0,0,0,0,0,0,0,0,0,0,0
Forestry Drone Fire Mapper,"2,000","Mid-flight in smoke and gear, gestures could mark fire lines, adjust altitudes, or alert command teams without touching a screen.","['Gestural Cueing for Alerts or Transitions', 'Safety-Critical Tasks']","2,000",0,0,0,"2,000",0,0,0,0,0,0,0,0,0,0,0,0,0,0,0,0,0,0,0
Forest Therapy Walk Guide,"2,000","Leading silent hikes with sensory focus, gestures could signal transitions, guide pacing, or mark emotional responses subtly.","['Gestural Cueing for Alerts or Transitions', 'Need for Discreet or Silent Communication']","2,000","2,000",0,0,0,0,0,0,0,0,0,0,0,0,0,0,0,0,0,0,0,0,0,0
Model Rocket Component Manufacturer,"2,000","Working with adhesives and fin cutters, gesture input could rotate schematics, log batches, or request QC checklists mid-glue.",[],0,0,0,0,0,0,0,0,0,0,0,0,0,0,0,0,0,0,0,0,0,0,0,0
Tiny House Showroom Host,"2,000","In tight quarters with clients moving around, gestures could trigger AV demos, log specs, or highlight features without breaking flow.","['Task Switching Without Losing Flow', 'Gestural Cueing for Alerts or Transitions']","2,000",0,0,0,0,0,0,0,0,0,"2,000",0,0,0,0,0,0,0,0,0,0,0,0,0
Kinetic Art Installation Technician,"2,000","With moving parts and gears exposed, gesture input could cue rotations, test wind sensors, or flag balance issues safely.","['Gestural Cueing for Alerts or Transitions', 'Need for Discreet or Silent Communication']","2,000","2,000",0,0,0,0,0,0,0,0,0,0,0,0,0,0,0,0,0,0,0,0,0,0
Costume Armorer (Live LARP Events),"2,000","Mid-field with foam gear, gestures could log repairs, cue effects, or track safety gear status while hands are full.","['Field Work with Limited Tech Access', 'Gestural Cueing for Alerts or Transitions', 'Need for Discreet or Silent Communication', 'Safety-Critical Tasks']","2,000","2,000",0,0,"2,000",0,0,0,0,0,0,"2,000",0,0,0,0,0,0,0,0,0,0,0,0
Artistic Wood Joiner,"2,000","Hands covered in glue and wood dust, gestures could cue schematics, toggle joinery animations, or record fit issues safely.","['Multimodal Command Needs', 'Gestural Cueing for Alerts or Transitions', 'Need for Discreet or Silent Communication']","2,000","2,000","2,000",0,0,0,0,0,0,0,0,0,0,0,0,0,0,0,0,0,0,0,0,0
Interactive Fountain Technician,"2,000","Surrounded by water and pressure valves, gestures could test routines, flag nozzle issues, or cue shows without wetting devices.","['Multimodal Command Needs', 'Gestural Cueing for Alerts or Transitions', 'Need for Discreet or Silent Communication']","2,000","2,000","2,000",0,0,0,0,0,0,0,0,0,0,0,0,0,0,0,0,0,0,0,0,0
High-Rise Facade Inspector,"1,900","On platforms or ropes with tablets inaccessible, gestures could log panel issues, mark cracks, or cue drone flyovers mid-inspection.","['Gestural Cueing for Alerts or Transitions', 'Need for Discreet or Silent Communication']","1,900","1,900",0,0,0,0,0,0,0,0,0,0,0,0,0,0,0,0,0,0,0,0,0,0
Urban Wildlife Tracker,"1,900","Logging raccoons or coyotes in alleys with one hand on a flashlight, gesture tools could record location, snap photos, or cue alerts silently.","['One-Handed or Asymmetric Work', 'Gestural Cueing for Alerts or Transitions', 'Wears Gloves or Hands Often Dirty', 'Dim or Low-Light Workspaces']","1,900",0,0,"1,900",0,0,0,0,0,0,0,0,"1,900",0,"1,900",0,0,0,0,0,0,0,0,0
Glass Ornament Flameworker,"1,900","With torches and rods in hand, gestures could cue rotation visuals, adjust heat cycles, or mark product batches hands-free.","['Touch-Free Requirement', 'Gestural Cueing for Alerts or Transitions', 'Need for Discreet or Silent Communication']","1,900","1,900",0,0,0,"1,900",0,0,0,0,0,0,0,0,0,0,0,0,0,0,0,0,0,0
Mushroom Dye Artist,"1,900","Mixing colors with natural materials, gestures could log recipes, mark reactions, or trigger drying stages cleanly.",['Gestural Cueing for Alerts or Transitions'],"1,900",0,0,0,0,0,0,0,0,0,0,0,0,0,0,0,0,0,0,0,0,0,0,0
Color Guard Choreographer,"1,900","While holding flags and training teens, gestures could cue counts, switch tracks, or flag corrections on the move.","['Multimodal Command Needs', 'Constant Motion / Mobile Work', 'One-Handed or Asymmetric Work', 'Gestural Cueing for Alerts or Transitions']","1,900",0,"1,900",0,0,0,0,0,0,0,0,0,"1,900",0,0,"1,900",0,0,0,0,0,0,0,0
Indoor Rainforest Exhibit Keeper,"1,900","Surrounded by plants and mist, gesture tools could track species health, toggle irrigation, or alert vets without touching wet controls.","['Multimodal Command Needs', 'Environmental Sensitivity (Moisture, Heat, Cold)', 'Gestural Cueing for Alerts or Transitions', 'Wears Gloves or Hands Often Dirty']","1,900",0,"1,900","1,900",0,0,"1,900",0,0,0,0,0,0,0,0,0,0,0,0,0,0,0,0,0
Adaptive Climbing Coach,"1,900","Assisting climbers with disabilities, gesture input could cue technique prompts, mark milestones, or trigger accessibility presets mid-wall.","['Gestural Cueing for Alerts or Transitions', 'Need for Discreet or Silent Communication']","1,900","1,900",0,0,0,0,0,0,0,0,0,0,0,0,0,0,0,0,0,0,0,0,0,0
Museum Augmented Reality Tech,"1,900","Installing digital overlays with gloves on, gestures could place anchors, adjust depth settings, or toggle views hands-free.","['Touch-Free Requirement', 'Multimodal Command Needs']",0,0,"1,900",0,0,"1,900",0,0,0,0,0,0,0,0,0,0,0,0,0,0,0,0,0,0
Stage Pyro FX Safety Officer,"1,900","Surrounded by flame triggers and tight pacing, gesture input could flag delays, halt shows, or reset countdowns in seconds.",[],0,0,0,0,0,0,0,0,0,0,0,0,0,0,0,0,0,0,0,0,0,0,0,0
Fishing Tournament Weigh Station Official,"1,900","Holding flopping fish and wet scales, gestures could log entries, trigger cameras, or flag disqualifications without touching devices.","['Environmental Sensitivity (Moisture, Heat, Cold)', 'Multimodal Command Needs', 'One-Handed or Asymmetric Work', 'Gestural Cueing for Alerts or Transitions']","1,900",0,"1,900",0,0,0,"1,900",0,0,0,0,0,"1,900",0,0,0,0,0,0,0,0,0,0,0
Biome Dome Steward,"1,900","Managing plants, fog, and climate controls, gestures could toggle CO2 readouts, cue visitor announcements, or flag anomalies.","['Multimodal Command Needs', 'Gestural Cueing for Alerts or Transitions', 'Need for Discreet or Silent Communication']","1,900","1,900","1,900",0,0,0,0,0,0,0,0,0,0,0,0,0,0,0,0,0,0,0,0,0
Medieval Combat Reenactor,"1,900","In full armor with swords in hand, gestures could trigger battlefield effects, cue scene transitions, or signal injury protocols.","['Gestural Cueing for Alerts or Transitions', 'Need for Discreet or Silent Communication', 'Safety-Critical Tasks']","1,900","1,900",0,0,"1,900",0,0,0,0,0,0,0,0,0,0,0,0,0,0,0,0,0,0,0
Interactive Museum Sound Designer,"1,900","Mid-installation with speakers and foam, gesture tools could test loops, log visitor response, or mark sound bleed zones.",['Wears Gloves or Hands Often Dirty'],0,0,0,"1,900",0,0,0,0,0,0,0,0,0,0,0,0,0,0,0,0,0,0,0,0
Backcountry Ski Guide,"1,800","Navigating clients through remote snowfields, guides could use gestures to check routes, signal emergencies, or track group positions without removing gloves.","['Gestural Cueing for Alerts or Transitions', 'Field Work with Limited Tech Access', 'Objects or Screens are Out of Reach', 'Need for Discreet or Silent Communication']","1,800","1,800",0,0,0,0,0,0,0,0,0,"1,800",0,0,0,0,0,0,0,0,0,0,"1,800",0
Roller Derby Referee,"1,800","On skates and surrounded by chaos, gestures could log fouls, adjust clocks, or trigger scoreboard changes instantly.",['Gestural Cueing for Alerts or Transitions'],"1,800",0,0,0,0,0,0,0,0,0,0,0,0,0,0,0,0,0,0,0,0,0,0,0
Historical Costume Tailor,"1,800","Surrounded by pins and patterns, gesture input could rotate reference images, manage fittings, or toggle timelines while sewing.",['Multimodal Command Needs'],0,0,"1,800",0,0,0,0,0,0,0,0,0,0,0,0,0,0,0,0,0,0,0,0,0
Airfield Lighting Tech,"1,800","Managing runway lights in dark, loud zones, gestures could activate systems, test bulbs, or toggle diagnostics without distraction.","['Multimodal Command Needs', 'Dim or Low-Light Workspaces', 'Noisy Environments (Voice Input Unreliable)']",0,0,"1,800",0,0,0,0,0,0,0,0,0,0,0,"1,800",0,0,0,"1,800",0,0,0,0,0
Mud Run Course Official,"1,800","With water and mud flying, gesture input could update wave timing, log issues, or trigger music cues safely.",['Gestural Cueing for Alerts or Transitions'],"1,800",0,0,0,0,0,0,0,0,0,0,0,0,0,0,0,0,0,0,0,0,0,0,0
Rollercoaster Safety Inspector,"1,800","Working under the tracks or in harnesses, gesture input could assist with safety logging, inspection checklists, or photo capture hands-free.","['Touch-Free Requirement', 'High-Volume Repetitive Logging', 'Safety-Critical Tasks']",0,0,0,0,"1,800","1,800",0,0,0,0,0,0,0,"1,800",0,0,0,0,0,0,0,0,0,0
Drone Light Show Engineer,"1,800","Controlling dozens of drones in sync, gesture input could start sequences, abort flights, or trigger effects mid-performance.","['Gestural Cueing for Alerts or Transitions', 'Performance Contexts']","1,800",0,0,0,0,0,0,0,"1,800",0,0,0,0,0,0,0,0,0,0,0,0,0,0,0
Glassblower’s Assistant,"1,800","Carrying molten glass and prepping materials, gestures could cue next pieces, track inventory, or signal artist mid-process.","['Gestural Cueing for Alerts or Transitions', 'Need for Discreet or Silent Communication', 'Hands Frequently Full']","1,800","1,800",0,0,0,0,0,"1,800",0,0,0,0,0,0,0,0,0,0,0,0,0,0,0,0
Botanical Sculptor,"1,800","Building flower-based art, hands full of stems and tools — gestures could scroll reference palettes, log stages, or activate displays cleanly.","['Wears Gloves or Hands Often Dirty', 'Hands Frequently Full']",0,0,0,"1,800",0,0,0,"1,800",0,0,0,0,0,0,0,0,0,0,0,0,0,0,0,0
Drone Light Show Operator,"1,800","Controlling dozens of drones in sync, gesture tools could cue choreography, flag anomalies, or adjust formations on the fly without breaking attention.","['Wears Gloves or Hands Often Dirty', 'Gestural Cueing for Alerts or Transitions', 'Need for Discreet or Silent Communication']","1,800","1,800",0,"1,800",0,0,0,0,0,0,0,0,0,0,0,0,0,0,0,0,0,0,0,0
Aquarium Glass Polisher,"1,800","With arms deep in water or suspended on harnesses, gestures could log cleanings, adjust lighting, or flag scratches mid-job.",[],0,0,0,0,0,0,0,0,0,0,0,0,0,0,0,0,0,0,0,0,0,0,0,0
Snowshoeing Guide,"1,800","Out in remote trails with poles in hand, gesture tools could trigger GPS pings, adjust route data, or flag trail conditions.","['Wears Gloves or Hands Often Dirty', 'Field Work with Limited Tech Access', 'Objects or Screens are Out of Reach', 'Gestural Cueing for Alerts or Transitions']","1,800",0,0,"1,800",0,0,0,0,0,0,0,"1,800",0,0,0,0,0,0,0,0,0,0,"1,800",0
Kiteboard Instructor,"1,800","Mid-ocean with wet gloves and a moving board, gestures could cue drills, call safety staff, or track student progress wirelessly.","['Environmental Sensitivity (Moisture, Heat, Cold)', 'Gestural Cueing for Alerts or Transitions', 'Need for Discreet or Silent Communication', 'Safety-Critical Tasks']","1,800","1,800",0,0,"1,800",0,"1,800",0,0,0,0,0,0,0,0,0,0,0,0,0,0,0,0,0
Fiber Optic Light Artist,"1,800","Working in dark spaces with precision strands, gestures could toggle sequences, flag breakages, or mark designs without light pollution.","['Multimodal Command Needs', 'Dim or Low-Light Workspaces']",0,0,"1,800",0,0,0,0,0,0,0,0,0,0,0,"1,800",0,0,0,0,0,0,0,0,0
Vertical Farming AI Technician,"1,800","Surrounded by humidity and rows of LED-lit crops, gestures could update growth logs, toggle vision models, or request maintenance hands-free.","['Touch-Free Requirement', 'Multimodal Command Needs']",0,0,"1,800",0,0,"1,800",0,0,0,0,0,0,0,0,0,0,0,0,0,0,0,0,0,0
Community Pizza Oven Steward,"1,800","With hot stones and public cooking tools, gestures could log baking rotations, flag burns, or cue dough batches touch-free.","['Touch-Free Requirement', 'Environmental Sensitivity (Moisture, Heat, Cold)', 'Gestural Cueing for Alerts or Transitions', 'Wears Gloves or Hands Often Dirty']","1,800",0,0,"1,800",0,"1,800","1,800",0,0,0,0,0,0,0,0,0,0,0,0,0,0,0,0,0
Ice Resurfacer Pit Crew,"1,800","Maintaining blades and tanks during game intermissions, gestures could log pressure checks, cue scraper resets, or trigger comms hands-free.","['Touch-Free Requirement', 'Gestural Cueing for Alerts or Transitions', 'Need for Discreet or Silent Communication']","1,800","1,800",0,0,0,"1,800",0,0,0,0,0,0,0,0,0,0,0,0,0,0,0,0,0,0
Bioluminescent Beach Tour Guide,"1,800","Leading night walks on wet sand, gestures could toggle light overlays, flag safety zones, or play narration softly.","['Environmental Sensitivity (Moisture, Heat, Cold)', 'Multimodal Command Needs', 'Safety-Critical Tasks']",0,0,"1,800",0,"1,800",0,"1,800",0,0,0,0,0,0,0,0,0,0,0,0,0,0,0,0,0
3D-Printed Food Demonstrator,"1,800","Handling sticky or temperature-sensitive outputs, gesture input could load designs, trigger plating sequences, or flag clog issues.","['Environmental Sensitivity (Moisture, Heat, Cold)', 'Gestural Cueing for Alerts or Transitions']","1,800",0,0,0,0,0,"1,800",0,0,0,0,0,0,0,0,0,0,0,0,0,0,0,0,0
Dog Fashion Show Coordinator,"1,800","With leashes, outfits, and cameras in play, gesture tools could toggle run order, cue announcers, or call grooming support.","['Wears Gloves or Hands Often Dirty', 'Multimodal Command Needs', 'Gestural Cueing for Alerts or Transitions', 'Need for Discreet or Silent Communication']","1,800","1,800","1,800","1,800",0,0,0,0,0,0,0,0,0,0,0,0,0,0,0,0,0,0,0,0
Horse Show Judge,"1,700","Holding clipboards in rain or heat, judges could use gestures to score riders, track time, or signal start flags quietly.","['Environmental Sensitivity (Moisture, Heat, Cold)', 'One-Handed or Asymmetric Work', 'Gestural Cueing for Alerts or Transitions', 'Need for Discreet or Silent Communication']","1,700","1,700",0,0,0,0,"1,700",0,0,0,0,0,"1,700",0,0,0,0,0,0,0,0,0,0,0
Stage Pyro Operator,"1,700","Managing flame effects under pressure, gesture input could double-check sequences, arm cues, or run safety checks from a distance.",['Safety-Critical Tasks'],0,0,0,0,"1,700",0,0,0,0,0,0,0,0,0,0,0,0,0,0,0,0,0,0,0
Prosthetic Limb Sculptor,"1,700","Shaping delicate prosthetics, gestures could log adjustments, toggle models, or compare patient references mid-process.",['Multimodal Command Needs'],0,0,"1,700",0,0,0,0,0,0,0,0,0,0,0,0,0,0,0,0,0,0,0,0,0
Large Sculpture Transporter,"1,700","Strapped into forklifts or flatbeds, gestures could manage traffic coordination, flag stability checks, or cue destination routes safely.","['Gestural Cueing for Alerts or Transitions', 'Need for Discreet or Silent Communication']","1,700","1,700",0,0,0,0,0,0,0,0,0,0,0,0,0,0,0,0,0,0,0,0,0,0
Whale-Watching Skipper,"1,700","Piloting vessels while tracking wildlife, gesture input could mark sightings, cue narration, or adjust audio for tourists mid-tour.","['Gestural Cueing for Alerts or Transitions', 'Need for Discreet or Silent Communication']","1,700","1,700",0,0,0,0,0,0,0,0,0,0,0,0,0,0,0,0,0,0,0,0,0,0
Rocketry Club Coach,"1,700","Managing student launches outdoors, gesture input could start countdowns, log performance data, or trigger timers hands-free.","['Touch-Free Requirement', 'Environmental Sensitivity (Moisture, Heat, Cold)', 'Gestural Cueing for Alerts or Transitions', 'Field Work with Limited Tech Access']","1,700",0,0,0,0,"1,700","1,700",0,0,0,0,"1,700",0,0,0,0,0,0,0,0,0,0,0,0
Drone Rodeo Coordinator,"1,700","Managing multiple pilots and racing bots, gesture input could cue heats, flag crashes, or update scoring hands-free.","['Touch-Free Requirement', 'Gestural Cueing for Alerts or Transitions', 'Need for Discreet or Silent Communication']","1,700","1,700",0,0,0,"1,700",0,0,0,0,0,0,0,0,0,0,0,0,0,0,0,0,0,0
Fencing Tournament Referee,"1,700","Mid-bout in protective gear, gestures could track points, flag touches, or control replays without looking away.",['Safety-Critical Tasks'],0,0,0,0,"1,700",0,0,0,0,0,0,0,0,0,0,0,0,0,0,0,0,0,0,0
Storytelling Festival MC,"1,700","Onstage mid-set with no tech access, gesture tools could mark time, cue audio stingers, or signal lighting changes.","['Wears Gloves or Hands Often Dirty', 'Gestural Cueing for Alerts or Transitions', 'Need for Discreet or Silent Communication']","1,700","1,700",0,"1,700",0,0,0,0,0,0,0,0,0,0,0,0,0,0,0,0,0,0,0,0
Handmade Paper Maker,"1,700","Covered in pulp and water, gesture input could flag sheet quality, mark press stages, or cue batch completion.","['Gestural Cueing for Alerts or Transitions', 'Need for Discreet or Silent Communication']","1,700","1,700",0,0,0,0,0,0,0,0,0,0,0,0,0,0,0,0,0,0,0,0,0,0
Seasonal Pumpkin Carver,"1,700","Covered in pulp mid-design, gestures could switch templates, flag depth issues, or cue lighting to preview final work.","['Multimodal Command Needs', 'Gestural Cueing for Alerts or Transitions', 'Need for Discreet or Silent Communication']","1,700","1,700","1,700",0,0,0,0,0,0,0,0,0,0,0,0,0,0,0,0,0,0,0,0,0
Industrial Candy Sculptor,"1,700","With sticky, hot sugar tools in motion, gestures could adjust design references, mark ingredient changes, or cue packaging.","['Wears Gloves or Hands Often Dirty', 'Environmental Sensitivity (Moisture, Heat, Cold)', 'Gestural Cueing for Alerts or Transitions', 'Need for Discreet or Silent Communication']","1,700","1,700",0,"1,700",0,0,"1,700",0,0,0,0,0,0,0,0,0,0,0,0,0,0,0,0,0
Sail Repair Loft Technician,"1,700","Handling massive fabric sheets, gestures could scroll patterns, flag damage, or log hours without interrupting sewing.",[],0,0,0,0,0,0,0,0,0,0,0,0,0,0,0,0,0,0,0,0,0,0,0,0
Glassblowing Studio Safety Officer,"1,700","Surrounded by open flames and spinning tools, gestures could flag alerts, cue eyewash locations, or log incidents immediately.","['Wears Gloves or Hands Often Dirty', 'Gestural Cueing for Alerts or Transitions', 'Need for Discreet or Silent Communication']","1,700","1,700",0,"1,700",0,0,0,0,0,0,0,0,0,0,0,0,0,0,0,0,0,0,0,0
Roller Derby Gear Tech,"1,700","Handling sweaty pads and bearings mid-match, gestures could reorder parts, log injuries, or cue repairs without cross-contamination.","['Sterile or Hygiene-Sensitive Settings', 'Gestural Cueing for Alerts or Transitions', 'Need for Discreet or Silent Communication']","1,700","1,700",0,0,0,0,0,0,0,"1,700",0,0,0,0,0,0,0,0,0,0,0,0,0,0
Zoo Enclosure Misting Tech,"1,700","Operating water systems near sensitive animals, gestures could activate spray zones, log temps, or cue emergency shutoff with gloves on.","['Gestural Cueing for Alerts or Transitions', 'Need for Discreet or Silent Communication']","1,700","1,700",0,0,0,0,0,0,0,0,0,0,0,0,0,0,0,0,0,0,0,0,0,0
Automated Chicken Coop Installer,"1,700","Mid-setup with tools and sawdust, gestures could log component installs, flag layout conflicts, or preview mobile apps.","['Wears Gloves or Hands Often Dirty', 'Constant Motion / Mobile Work']",0,0,0,"1,700",0,0,0,0,0,0,0,0,0,0,0,"1,700",0,0,0,0,0,0,0,0
Solar Car Race Technician,"1,700","In blazing heat with sensitive gear, gestures could check charge logs, cue comms, or track replacement needs mid-lap.","['Gestural Cueing for Alerts or Transitions', 'Need for Discreet or Silent Communication']","1,700","1,700",0,0,0,0,0,0,0,0,0,0,0,0,0,0,0,0,0,0,0,0,0,0
Tundra Truck Mechanic,"1,600","Working in freezing oilfields, gestures could cue diagnostics, log faults, or communicate through thick gloves.","['Gestural Cueing for Alerts or Transitions', 'Need for Discreet or Silent Communication']","1,600","1,600",0,0,0,0,0,0,0,0,0,0,0,0,0,0,0,0,0,0,0,0,0,0
Chalk Artist (Live Festivals),"1,600","With hands dusty and crouched low, gesture input could toggle sketch overlays, cue time warnings, or play crowd music.","['Multimodal Command Needs', 'Gestural Cueing for Alerts or Transitions', 'Need for Discreet or Silent Communication']","1,600","1,600","1,600",0,0,0,0,0,0,0,0,0,0,0,0,0,0,0,0,0,0,0,0,0
Synchronized Swimming Coach,"1,600","Poolside with waterproof tablets out of reach, coaches could use gestures to control playback, log timing, or flag formations in training.",['Objects or Screens are Out of Reach'],0,0,0,0,0,0,0,0,0,0,0,0,0,0,0,0,0,0,0,0,0,0,"1,600",0
Hat Blocker (Millinery Workshop),"1,600","Mid-steam and shaping felt, gestures could log form cycles, snap sizing records, or control heat presets touch-free.","['Touch-Free Requirement', 'High-Volume Repetitive Logging']",0,0,0,0,0,"1,600",0,0,0,0,0,0,0,"1,600",0,0,0,0,0,0,0,0,0,0
Candle Dipping Artisan,"1,600","Managing hot wax and repetitive motions, gestures could log colors, trigger timers, or flag customer orders mid-dip.","['Environmental Sensitivity (Moisture, Heat, Cold)', 'Public-Facing with Frequent Interruptions', 'Gestural Cueing for Alerts or Transitions']","1,600",0,0,0,0,0,"1,600",0,0,0,0,0,0,0,0,0,0,0,0,0,0,"1,600",0,0
Beeswax Wrap Maker,"1,600","Handling hot fabric and resin, gestures could flag patterns, cue timers, or rotate templates with sticky fingers.","['Environmental Sensitivity (Moisture, Heat, Cold)', 'Gestural Cueing for Alerts or Transitions', 'Need for Discreet or Silent Communication']","1,600","1,600",0,0,0,0,"1,600",0,0,0,0,0,0,0,0,0,0,0,0,0,0,0,0,0
Mobile Sauna Host,"1,600","Stoking fires and managing bookings in nature, gestures could adjust heat cycles, notify guests, or log session data with wet hands.","['Environmental Sensitivity (Moisture, Heat, Cold)', 'Performance Contexts']",0,0,0,0,0,0,"1,600",0,"1,600",0,0,0,0,0,0,0,0,0,0,0,0,0,0,0
Outdoor Hammock Festival Vendor,"1,600","Setting up rigs while juggling customers, gestures could check inventory, flag weight limits, or play demos hands-free.",['Touch-Free Requirement'],0,0,0,0,0,"1,600",0,0,0,0,0,0,0,0,0,0,0,0,0,0,0,0,0,0
Fire Spinner Safety Spotter,"1,600","Watching flames up close, gestures could flag missteps, call for extinguishers, or cue lighting cues without shouting.","['Need for Discreet or Silent Communication', 'Gestural Cueing for Alerts or Transitions', 'Noisy Environments (Voice Input Unreliable)']","1,600","1,600",0,0,0,0,0,0,0,0,0,0,0,0,0,0,0,0,"1,600",0,0,0,0,0
Urban Art Mural Conservator,"1,600","On scaffolds with solvent-covered gloves, gestures could zoom references, flag touch-up areas, or cue drone inspections.","['Gestural Cueing for Alerts or Transitions', 'Need for Discreet or Silent Communication']","1,600","1,600",0,0,0,0,0,0,0,0,0,0,0,0,0,0,0,0,0,0,0,0,0,0
Industrial Kite Rigger,"1,600","With ropes and sails in motion, gestures could adjust airflow readings, flag wind anomalies, or cue safety drills.","['Gestural Cueing for Alerts or Transitions', 'Need for Discreet or Silent Communication', 'Safety-Critical Tasks']","1,600","1,600",0,0,"1,600",0,0,0,0,0,0,0,0,0,0,0,0,0,0,0,0,0,0,0
Cardboard Furniture Designer,"1,600","Folding and taping constantly, gestures could rotate models, scroll measurements, or cue cutting instructions without touching a device.","['Gestural Cueing for Alerts or Transitions', 'Need for Discreet or Silent Communication']","1,600","1,600",0,0,0,0,0,0,0,0,0,0,0,0,0,0,0,0,0,0,0,0,0,0
Drift Trike Track Official,"1,600","On slick indoor courses, gestures could log spins, mark times, or signal restarts with minimal disruption.","['Gestural Cueing for Alerts or Transitions', 'Need for Discreet or Silent Communication']","1,600","1,600",0,0,0,0,0,0,0,0,0,0,0,0,0,0,0,0,0,0,0,0,0,0
Drone-Firework Synchronization Engineer,"1,600","Managing air traffic and timing, gestures could cue test sequences, log drift, or trigger contingency routes live.","['Gestural Cueing for Alerts or Transitions', 'Need for Discreet or Silent Communication', 'Performance Contexts']","1,600","1,600",0,0,0,0,0,0,"1,600",0,0,0,0,0,0,0,0,0,0,0,0,0,0,0
Water Rescue Diver,"1,500",Underwater visibility and communication are limited — gesture control for HUDs or signal beacons could be life-saving.,"['Gestural Cueing for Alerts or Transitions', 'Need for Discreet or Silent Communication']","1,500","1,500",0,0,0,0,0,0,0,0,0,0,0,0,0,0,0,0,0,0,0,0,0,0
Spelunker Tour Guide,"1,500","In caves with slippery rocks and darkness, gestures could mark locations, activate lighting, or update logs with minimal movement.",[],0,0,0,0,0,0,0,0,0,0,0,0,0,0,0,0,0,0,0,0,0,0,0,0
Museum Lighting Specialist,"1,500","Adjusting precision lights near fragile artifacts, gestures could cue changes, compare presets, or preview settings mid-adjustment.","['Multimodal Command Needs', 'Gestural Cueing for Alerts or Transitions', 'Need for Discreet or Silent Communication']","1,500","1,500","1,500",0,0,0,0,0,0,0,0,0,0,0,0,0,0,0,0,0,0,0,0,0
Drone Swarm Coordinator,"1,500","Managing multiple units visually, gestures could cue formations, override paths, or log performance mid-flight.","['Gestural Cueing for Alerts or Transitions', 'Need for Discreet or Silent Communication', 'Performance Contexts']","1,500","1,500",0,0,0,0,0,0,"1,500",0,0,0,0,0,0,0,0,0,0,0,0,0,0,0
Parkour Coach,"1,500","In fast movement zones, gestures could control workout cycles, mark attempts, or switch drills while running.","['Multimodal Command Needs', 'Time-Sensitive or High-Paced Environments']",0,0,"1,500",0,0,0,0,0,0,0,0,0,0,0,0,0,0,"1,500",0,0,0,0,0,0
Circus Aerialist,"1,500","Hanging mid-air, performers could trigger music cues, lighting changes, or signal readiness with embedded gesture recognition.","['Gestural Cueing for Alerts or Transitions', 'Need for Discreet or Silent Communication']","1,500","1,500",0,0,0,0,0,0,0,0,0,0,0,0,0,0,0,0,0,0,0,0,0,0
Bioacoustics Researcher,"1,500","In forests recording animal sounds, gesture tools could tag audio clips, adjust settings, or log sightings quietly and cleanly.","['Wears Gloves or Hands Often Dirty', 'Multimodal Command Needs', 'Performance Contexts']",0,0,"1,500","1,500",0,0,0,0,"1,500",0,0,0,0,0,0,0,0,0,0,0,0,0,0,0
Water Tank Inspection Diver,"1,500","Inside massive municipal tanks, gestures could mark cracks, toggle lights, or log routes with zero traditional input options.",['Multimodal Command Needs'],0,0,"1,500",0,0,0,0,0,0,0,0,0,0,0,0,0,0,0,0,0,0,0,0,0
Live Bird Show Handler,"1,500","Managing hawks or parrots in front of crowds, gestures could cue bird releases, adjust mic settings, or trigger crowd effects without disrupting trust.","['Multimodal Command Needs', 'Gestural Cueing for Alerts or Transitions', 'Need for Discreet or Silent Communication']","1,500","1,500","1,500",0,0,0,0,0,0,0,0,0,0,0,0,0,0,0,0,0,0,0,0,0
Climbing Wall Designer,"1,500","On scaffolds arranging holds, gesture tools could rotate route diagrams, log testing notes, or flag user feedback without climbing down.",['Wears Gloves or Hands Often Dirty'],0,0,0,"1,500",0,0,0,0,0,0,0,0,0,0,0,0,0,0,0,0,0,0,0,0
Costume Armor Maker,"1,500","Covered in foam, glue, and resin, gesture input could adjust patterns, cycle inspiration boards, or track crafting sessions touch-free.",['Touch-Free Requirement'],0,0,0,0,0,"1,500",0,0,0,0,0,0,0,0,0,0,0,0,0,0,0,0,0,0
Skate Bowl Groundskeeper,"1,500","In the dust and sun with tools in hand, gesture input could log conditions, notify skaters, or track cleanings without unlocking a phone.",['Wears Gloves or Hands Often Dirty'],0,0,0,"1,500",0,0,0,0,0,0,0,0,0,0,0,0,0,0,0,0,0,0,0,0
Ice Hotel Concierge,"1,500","In cold gear with constant movement, gestures could confirm check-ins, cue lighting displays, or contact staff discreetly.","['Environmental Sensitivity (Moisture, Heat, Cold)', 'Gestural Cueing for Alerts or Transitions', 'Need for Discreet or Silent Communication']","1,500","1,500",0,0,0,0,"1,500",0,0,0,0,0,0,0,0,0,0,0,0,0,0,0,0,0
Rooftop Beekeeper Educator,"1,500","Leading hive tours in suits and gloves, gestures could toggle visuals, mark queen locations, or advance curriculum mid-talk.",['Multimodal Command Needs'],0,0,"1,500",0,0,0,0,0,0,0,0,0,0,0,0,0,0,0,0,0,0,0,0,0
Carriage Driver (Historic District),"1,500","With reins in hand and tourists aboard, gestures could cue audio narration, check schedules, or flag support teams without fumbling for devices.","['Multimodal Command Needs', 'Gestural Cueing for Alerts or Transitions', 'Need for Discreet or Silent Communication']","1,500","1,500","1,500",0,0,0,0,0,0,0,0,0,0,0,0,0,0,0,0,0,0,0,0,0
Roller Derby Referee,"1,500","In fast-paced matches, gesture input could mark fouls, update scoreboards, or signal injuries from the track.","['Time-Sensitive or High-Paced Environments', 'Gestural Cueing for Alerts or Transitions', 'Need for Discreet or Silent Communication']","1,500","1,500",0,0,0,0,0,0,0,0,0,0,0,0,0,0,0,"1,500",0,0,0,0,0,0
Community Compost Outreach Educator,"1,500","At farmer’s markets or schools with bins in-hand, gestures could cue video demos, log sign-ups, or share QR links mid-interaction.","['Gestural Cueing for Alerts or Transitions', 'Need for Discreet or Silent Communication']","1,500","1,500",0,0,0,0,0,0,0,0,0,0,0,0,0,0,0,0,0,0,0,0,0,0
Custom Latex Mask Sculptor,"1,500","Covered in silicone and sculpting foam, gestures could toggle inspiration boards, log hours, or request client input during builds.",['Multimodal Command Needs'],0,0,"1,500",0,0,0,0,0,0,0,0,0,0,0,0,0,0,0,0,0,0,0,0,0
Traveling Axe Throwing Trailer Driver,"1,500","Setting up mobile targets at events, gestures could cue trailer setup, check balances, or trigger safety instructions.","['Constant Motion / Mobile Work', 'Gestural Cueing for Alerts or Transitions', 'Need for Discreet or Silent Communication', 'Safety-Critical Tasks']","1,500","1,500",0,0,"1,500",0,0,0,0,0,0,0,0,0,0,"1,500",0,0,0,0,0,0,0,0
Automotive Clay Modeler,"1,500","Working with full-scale clay forms, gesture input could rotate 3D references, mark design changes, or photograph curves cleanly.",[],0,0,0,0,0,0,0,0,0,0,0,0,0,0,0,0,0,0,0,0,0,0,0,0
Speed Climbing Route Setter,"1,500","With holds in-hand while suspended, gesture input could log placements, rotate route diagrams, or call for tools without leaving the wall.",['Wears Gloves or Hands Often Dirty'],0,0,0,"1,500",0,0,0,0,0,0,0,0,0,0,0,0,0,0,0,0,0,0,0,0
Treehouse Carpenter,"1,500","Perched in trees with tools in hand, gesture input could mark cut lists, toggle blueprints, or call for materials without descending.","['Wears Gloves or Hands Often Dirty', 'Multimodal Command Needs']",0,0,"1,500","1,500",0,0,0,0,0,0,0,0,0,0,0,0,0,0,0,0,0,0,0,0
Off-Road Rescue ATV Medic,"1,500","Navigating rough terrain with one hand on the throttle, gestures could log vitals, flag hazards, or call airlift without stopping.","['One-Handed or Asymmetric Work', 'Field Work with Limited Tech Access']",0,0,0,0,0,0,0,0,0,0,0,"1,500","1,500",0,0,0,0,0,0,0,0,0,0,0
Roller Coaster Track Cleaner,"1,500","Walking catwalks at dawn with safety gear, gestures could log track condition, cue bots, or mark cleaning progress while secured.","['Constant Motion / Mobile Work', 'Gestural Cueing for Alerts or Transitions', 'Need for Discreet or Silent Communication', 'Safety-Critical Tasks']","1,500","1,500",0,0,"1,500",0,0,0,0,0,0,0,0,0,0,"1,500",0,0,0,0,0,0,0,0
Drone-Based Wedding Florist,"1,500","With petals in the air and sun glare strong, gestures could adjust flight paths, cue drop sequences, or flag design shifts.","['Gestural Cueing for Alerts or Transitions', 'Need for Discreet or Silent Communication']","1,500","1,500",0,0,0,0,0,0,0,0,0,0,0,0,0,0,0,0,0,0,0,0,0,0
Scenic Gondola Driver,"1,400","Operating cables through mountainous terrain, gestures could cue comms, adjust cabin status, or log timing safely.","['Field Work with Limited Tech Access', 'Gestural Cueing for Alerts or Transitions', 'Need for Discreet or Silent Communication']","1,400","1,400",0,0,0,0,0,0,0,0,0,"1,400",0,0,0,0,0,0,0,0,0,0,0,0
Water Slide Structural Engineer,"1,400","Working in awkward crawlspaces and under active flow, gesture input could inspect load data, log defects, or cue testing systems mid-climb.","['Task Switching Without Losing Flow', 'Gestural Cueing for Alerts or Transitions', 'Irregular or Constrained Environments', 'Need for Discreet or Silent Communication']","1,400","1,400",0,0,0,0,0,0,0,0,"1,400",0,0,0,0,0,0,0,0,"1,400",0,0,0,0
Fossil Prep Technician,"1,400","Working under microscopes with tiny tools, gesture input could control documentation, toggle imaging tools, or annotate finds hands-free.","['Wears Gloves or Hands Often Dirty', 'Touch-Free Requirement', 'Multimodal Command Needs']",0,0,"1,400","1,400",0,"1,400",0,0,0,0,0,0,0,0,0,0,0,0,0,0,0,0,0,0
Curling Ice Technician,"1,400","Maintaining perfect ice texture, gesture input could log pebble patterns, adjust sensors, or cue temperature corrections without touching wet surfaces.","['Environmental Sensitivity (Moisture, Heat, Cold)', 'Gestural Cueing for Alerts or Transitions', 'Need for Discreet or Silent Communication']","1,400","1,400",0,0,0,0,"1,400",0,0,0,0,0,0,0,0,0,0,0,0,0,0,0,0,0
"Large Instrument Restorer (e.g., Organs)","1,400","Handling fragile keys and tubes, gestures could cue tonal tests, toggle schematics, or capture restoration stages without contamination.","['Sterile or Hygiene-Sensitive Settings', 'Multimodal Command Needs', 'Gestural Cueing for Alerts or Transitions', 'Need for Discreet or Silent Communication']","1,400","1,400","1,400",0,0,0,0,0,0,"1,400",0,0,0,0,0,0,0,0,0,0,0,0,0,0
Volcano Observatory Researcher,"1,400","On-site at active zones with sensors deployed, gesture input could log tremors, flag gas readings, or sync drone footage with gear on.",[],0,0,0,0,0,0,0,0,0,0,0,0,0,0,0,0,0,0,0,0,0,0,0,0
Falconry Experience Guide,"1,400","With a bird on glove and guests close by, gestures could cue facts, flag safety concerns, or track behavior hands-free.","['Touch-Free Requirement', 'Gestural Cueing for Alerts or Transitions', 'Wears Gloves or Hands Often Dirty', 'Need for Discreet or Silent Communication']","1,400","1,400",0,"1,400",0,"1,400",0,0,0,0,0,0,0,0,0,0,0,0,0,0,0,0,0,0
Indoor Tree Climber (Atrium Maintenance),"1,400","In harnesses surrounded by foliage, gesture input could log branch pruning, request lighting changes, or snap progress photos without hands on devices.",['Multimodal Command Needs'],0,0,"1,400",0,0,0,0,0,0,0,0,0,0,0,0,0,0,0,0,0,0,0,0,0
Projection Booth Operator,"1,400","In silent, dark theaters, gestures could toggle reels, cue trailers, or alert staff to film disruptions hands-free.","['Touch-Free Requirement', 'Multimodal Command Needs', 'Gestural Cueing for Alerts or Transitions', 'Dim or Low-Light Workspaces']","1,400",0,"1,400",0,0,"1,400",0,0,0,0,0,0,0,0,"1,400",0,0,0,0,0,0,0,0,0
Roller Coaster Audio Engineer,"1,400","Managing synced effects with both hands on a soundboard, gestures could adjust volume, trigger drop cues, or log system lag during rides.",['Gestural Cueing for Alerts or Transitions'],"1,400",0,0,0,0,0,0,0,0,0,0,0,0,0,0,0,0,0,0,0,0,0,0,0
Indoor Drone Combat Referee,"1,400","Tracking small, fast UAVs, gestures could cue slow-mo replays, mark strikes, or trigger safety nets without missing the action.","['Time-Sensitive or High-Paced Environments', 'Gestural Cueing for Alerts or Transitions', 'Need for Discreet or Silent Communication', 'Safety-Critical Tasks']","1,400","1,400",0,0,"1,400",0,0,0,0,0,0,0,0,0,0,0,0,"1,400",0,0,0,0,0,0
Indoor Skydiving Facility Mechanic,"1,400","Inside wind tunnels with gloves on and fans roaring, gestures could cue diagnostics, toggle test cycles, or flag issues without reaching for tools.","['Wears Gloves or Hands Often Dirty', 'Multimodal Command Needs', 'Gestural Cueing for Alerts or Transitions', 'Need for Discreet or Silent Communication']","1,400","1,400","1,400","1,400",0,0,0,0,0,0,0,0,0,0,0,0,0,0,0,0,0,0,0,0
Floating Planetarium Host,"1,400","In dark, dome-covered spaces, gestures could trigger constellation overlays, respond to questions, or toggle narration quietly.","['Multimodal Command Needs', 'Dim or Low-Light Workspaces', 'Gestural Cueing for Alerts or Transitions']","1,400",0,"1,400",0,0,0,0,0,0,0,0,0,0,0,"1,400",0,0,0,0,0,0,0,0,0
Adaptive Equestrian Coach,"1,400","While assisting riders with special needs, gestures could log gait analysis, cue transitions, or notify medical staff without stopping a session.","['Gestural Cueing for Alerts or Transitions', 'Need for Discreet or Silent Communication', 'Performance Contexts']","1,400","1,400",0,0,0,0,0,0,"1,400",0,0,0,0,0,0,0,0,0,0,0,0,0,0,0
Vintage Teacup Repair Specialist,"1,400","With adhesive on fine china, gestures could scroll shape references, mark chip types, or cue UV glue cycles.","['Gestural Cueing for Alerts or Transitions', 'Need for Discreet or Silent Communication']","1,400","1,400",0,0,0,0,0,0,0,0,0,0,0,0,0,0,0,0,0,0,0,0,0,0
Steeplejack,"1,300","Scaling church steeples and tall towers, gesture tools could log repairs, trigger drone checks, or alert safety teams mid-climb.","['Wears Gloves or Hands Often Dirty', 'Gestural Cueing for Alerts or Transitions', 'Safety-Critical Tasks']","1,300",0,0,"1,300","1,300",0,0,0,0,0,0,0,0,0,0,0,0,0,0,0,0,0,0,0
Rooftop Art Installer,"1,300","On angled surfaces with large canvases, gestures could adjust layout visuals, communicate with ground crew, or trigger drone captures.",['Gestural Cueing for Alerts or Transitions'],"1,300",0,0,0,0,0,0,0,0,0,0,0,0,0,0,0,0,0,0,0,0,0,0,0
Remote Wildlife Acoustic Monitor,"1,300","Listening for animal calls with headsets on, gestures could tag audio spikes, switch species filters, or trigger recording markers.","['Multimodal Command Needs', 'Gestural Cueing for Alerts or Transitions', 'Performance Contexts']","1,300",0,"1,300",0,0,0,0,0,"1,300",0,0,0,0,0,0,0,0,0,0,0,0,0,0,0
Wildlife Crossing Sign Installer,"1,300","On roadside slopes with equipment in-hand, gestures could log GPS, mark photos, or signal crew while staying safe.","['Gestural Cueing for Alerts or Transitions', 'Need for Discreet or Silent Communication', 'Hands Frequently Full']","1,300","1,300",0,0,0,0,0,"1,300",0,0,0,0,0,0,0,0,0,0,0,0,0,0,0,0
Dog Sled Handler,"1,300","Bundled up on icy trails with reins full, gestures could cue route updates, log rest times, or mark location pings on-the-go.","['Gestural Cueing for Alerts or Transitions', 'Need for Discreet or Silent Communication']","1,300","1,300",0,0,0,0,0,0,0,0,0,0,0,0,0,0,0,0,0,0,0,0,0,0
Antique Sword Restoration Tech,"1,300","Buffing and treating metalwork, gesture tools could scroll diagrams, log scratches, or cue safety routines without soiling screens.","['Wears Gloves or Hands Often Dirty', 'Gestural Cueing for Alerts or Transitions', 'Need for Discreet or Silent Communication', 'Safety-Critical Tasks']","1,300","1,300",0,"1,300","1,300",0,0,0,0,0,0,0,0,0,0,0,0,0,0,0,0,0,0,0
Community Blacksmithing Mentor,"1,300","Working with heat and apprentices, gesture input could cue instruction videos, log session hours, or flag safety errors without delay.","['Performance Contexts', 'Gestural Cueing for Alerts or Transitions', 'Need for Discreet or Silent Communication', 'Safety-Critical Tasks']","1,300","1,300",0,0,"1,300",0,0,0,"1,300",0,0,0,0,0,0,0,0,0,0,0,0,0,0,0
Circus Aerial Rig Inspector,"1,300","Climbing metal rigs high above the stage, gesture input could flag faults, cue safety checks, or log bolt torque instantly.","['Gestural Cueing for Alerts or Transitions', 'Need for Discreet or Silent Communication', 'Safety-Critical Tasks']","1,300","1,300",0,0,"1,300",0,0,0,0,0,0,0,0,0,0,0,0,0,0,0,0,0,0,0
Paddleboard Yoga Instructor,"1,300","On water with hands occupied balancing, gestures could trigger music, mark transitions, or track class pacing hands-free.","['Touch-Free Requirement', 'Gestural Cueing for Alerts or Transitions', 'Hands Frequently Full']","1,300",0,0,0,0,"1,300",0,"1,300",0,0,0,0,0,0,0,0,0,0,0,0,0,0,0,0
Amphibious Vehicle Tour Driver,"1,300","While driving on land and water, gestures could cue narration, adjust music, or flag mechanical notes without reaching away.","['Gestural Cueing for Alerts or Transitions', 'Need for Discreet or Silent Communication']","1,300","1,300",0,0,0,0,0,0,0,0,0,0,0,0,0,0,0,0,0,0,0,0,0,0
Public Wishing Wall Curator,"1,300","With sticky notes and strings in-hand, gestures could cue projection changes, flag offensive content, or log visitor wishes.","['Gestural Cueing for Alerts or Transitions', 'Need for Discreet or Silent Communication']","1,300","1,300",0,0,0,0,0,0,0,0,0,0,0,0,0,0,0,0,0,0,0,0,0,0
Urban Rooftop Farmer,"1,200","Rooftop farmers handle plants, soil, and tools without quick access to tech. Gesture commands could manage irrigation systems, plant logs, or supply inventories cleanly.",['Wears Gloves or Hands Often Dirty'],0,0,0,"1,200",0,0,0,0,0,0,0,0,0,0,0,0,0,0,0,0,0,0,0,0
Deep-Sea Equipment Technician,"1,200","Operating robotic arms from submersibles, gestures could refine control, adjust views, or capture data in real-time.",['Task Switching Without Losing Flow'],0,0,0,0,0,0,0,0,0,0,"1,200",0,0,0,0,0,0,0,0,0,0,0,0,0
Treehouse Builder,"1,200","In trees with tools and harnesses, gesture tools could log work, summon blueprints, or trigger level checks.","['Wears Gloves or Hands Often Dirty', 'Gestural Cueing for Alerts or Transitions']","1,200",0,0,"1,200",0,0,0,0,0,0,0,0,0,0,0,0,0,0,0,0,0,0,0,0
Wildlife Rescue Pilot,"1,200","Transporting injured animals in remote areas, pilots could toggle checklists, track vitals, or log drop zones via mid-flight gestures.","['Multimodal Command Needs', 'Objects or Screens are Out of Reach', 'Field Work with Limited Tech Access']",0,0,"1,200",0,0,0,0,0,0,0,0,"1,200",0,0,0,0,0,0,0,0,0,0,"1,200",0
Glass Etching Artist,"1,200","Using acids and abrasives, hands must stay gloved. Gesture tools could toggle designs, capture progress, or rotate references cleanly.","['Wears Gloves or Hands Often Dirty', 'Multimodal Command Needs']",0,0,"1,200","1,200",0,0,0,0,0,0,0,0,0,0,0,0,0,0,0,0,0,0,0,0
Opera Surtitles Operator,"1,200","Timing translations with singing requires precision. Gesture input could flip lines, cue scene changes, or adjust font sizes without delay.","['Gestural Cueing for Alerts or Transitions', 'Need for Discreet or Silent Communication']","1,200","1,200",0,0,0,0,0,0,0,0,0,0,0,0,0,0,0,0,0,0,0,0,0,0
Outdoor Movie Projectionist,"1,200","In the dark with unpredictable weather, gesture input could control playback, adjust focus, or manage audio while mobile.","['Constant Motion / Mobile Work', 'Environmental Sensitivity (Moisture, Heat, Cold)', 'Dim or Low-Light Workspaces']",0,0,0,0,0,0,"1,200",0,0,0,0,0,0,0,"1,200","1,200",0,0,0,0,0,0,0,0
Wildland Fire Behavior Analyst,"1,200","In the field with maps and radios, gestures could log fire growth, toggle models, or report team updates hands-free.","['Touch-Free Requirement', 'Multimodal Command Needs', 'Field Work with Limited Tech Access', 'Team-Based Spatial Work']",0,0,"1,200",0,0,"1,200",0,0,0,0,0,"1,200",0,0,0,0,0,0,0,0,"1,200",0,0,0
Zipline Safety Inspector,"1,200","Hanging from harnesses, gestures could confirm cable integrity, log inspections, or communicate with teams without risk.",[],0,0,0,0,0,0,0,0,0,0,0,0,0,0,0,0,0,0,0,0,0,0,0,0
Mud Bog Racer,"1,200","Driving through wet chaos, gesture input could cue safety checklists, log lap times, or activate music inside sealed helmets.","['Environmental Sensitivity (Moisture, Heat, Cold)', 'Gestural Cueing for Alerts or Transitions', 'Need for Discreet or Silent Communication', 'Safety-Critical Tasks']","1,200","1,200",0,0,"1,200",0,"1,200",0,0,0,0,0,0,0,0,0,0,0,0,0,0,0,0,0
Arena Pyro Safety Officer,"1,200","Monitoring fireworks and fire effects mid-concert, gestures could trigger aborts, mark malfunctions, or signal crew silently.","['Visual Focus Must Stay Forward', 'Gestural Cueing for Alerts or Transitions', 'Need for Discreet or Silent Communication']","1,200","1,200",0,0,0,0,0,0,0,0,0,0,0,0,0,0,"1,200",0,0,0,0,0,0,0
Ice Road Surveyor,"1,200","In harsh, freezing terrain, gesture tools could measure depth, mark hazards, or log GPS while bundled in heavy gloves.","['Wears Gloves or Hands Often Dirty', 'Field Work with Limited Tech Access']",0,0,0,"1,200",0,0,0,0,0,0,0,"1,200",0,0,0,0,0,0,0,0,0,0,0,0
Falcon Show Performer,"1,200","With birds on glove and audience before them, gestures could time releases, cue narration, or switch routines hands-free.","['Touch-Free Requirement', 'Multimodal Command Needs', 'Gestural Cueing for Alerts or Transitions', 'Wears Gloves or Hands Often Dirty']","1,200",0,"1,200","1,200",0,"1,200",0,0,0,0,0,0,0,0,0,0,0,0,0,0,0,0,0,0
Ice Sculpture Lighting Designer,"1,200","With gloves on and wet surfaces, gesture input could toggle scenes, shift colors, or log adjustments safely.","['Environmental Sensitivity (Moisture, Heat, Cold)', 'Multimodal Command Needs']",0,0,"1,200",0,0,0,"1,200",0,0,0,0,0,0,0,0,0,0,0,0,0,0,0,0,0
Fossil Preparator,"1,200","Working with fragile specimens under microscopes, preparators could use gestures to rotate 3D models, toggle lighting, or log tool use without removing gloves.",['Multimodal Command Needs'],0,0,"1,200",0,0,0,0,0,0,0,0,0,0,0,0,0,0,0,0,0,0,0,0,0
Tall Ship Rigger,"1,200","Climbing masts with ropes in-hand, gesture input could confirm sail checks, log line tension, or flag hazards without descending.",[],0,0,0,0,0,0,0,0,0,0,0,0,0,0,0,0,0,0,0,0,0,0,0,0
Renaissance Fair Weapon Master,"1,200","Managing edged weapons in costume, gestures could control timing, cue music, or mark safety issues without breaking immersion.","['Gestural Cueing for Alerts or Transitions', 'Need for Discreet or Silent Communication', 'Safety-Critical Tasks']","1,200","1,200",0,0,"1,200",0,0,0,0,0,0,0,0,0,0,0,0,0,0,0,0,0,0,0
Bonsai Exhibition Curator,"1,200","Mid-prune in silent galleries, gestures could toggle lighting, mark watering logs, or highlight artist statements discreetly.","['Multimodal Command Needs', 'Need for Discreet or Silent Communication']",0,"1,200","1,200",0,0,0,0,0,0,0,0,0,0,0,0,0,0,0,0,0,0,0,0,0
Surfboard Wax Tester,"1,200","With slippery hands and sun glare, gestures could flag traction scores, mark batch logs, or trigger comparison shots.",['Gestural Cueing for Alerts or Transitions'],"1,200",0,0,0,0,0,0,0,0,0,0,0,0,0,0,0,0,0,0,0,0,0,0,0
Model Rocket Launch Officer,"1,200","Managing ignitions with students nearby, gestures could cue countdowns, toggle safety zones, or flag trajectory warnings.","['Multimodal Command Needs', 'Gestural Cueing for Alerts or Transitions', 'Need for Discreet or Silent Communication', 'Safety-Critical Tasks']","1,200","1,200","1,200",0,"1,200",0,0,0,0,0,0,0,0,0,0,0,0,0,0,0,0,0,0,0
Wildlife Forensics Analyst,"1,200","Handling sensitive biological evidence, gestures could cue sample scans, navigate case files, or flag chain-of-custody steps cleanly.","['Gestural Cueing for Alerts or Transitions', 'Need for Discreet or Silent Communication']","1,200","1,200",0,0,0,0,0,0,0,0,0,0,0,0,0,0,0,0,0,0,0,0,0,0
Seed Vault Curator,"1,200","Managing ultra-cold environments and fragile containers, gestures could log inventory, toggle climate settings, or mark anomalies without contamination.","['Environmental Sensitivity (Moisture, Heat, Cold)', 'Sterile or Hygiene-Sensitive Settings', 'Multimodal Command Needs']",0,0,"1,200",0,0,0,"1,200",0,0,"1,200",0,0,0,0,0,0,0,0,0,0,0,0,0,0
Floating Sauna Operator,"1,200","Tending fires and logs mid-session, gestures could toggle temperature sensors, flag bookings, or summon water taxis discreetly.","['Environmental Sensitivity (Moisture, Heat, Cold)', 'Multimodal Command Needs', 'Performance Contexts']",0,0,"1,200",0,0,0,"1,200",0,"1,200",0,0,0,0,0,0,0,0,0,0,0,0,0,0,0
Candlelit Concert Sound Tech,"1,200","In low-light, ambiance-first environments, gestures could adjust mic levels, trigger cues, or flag feedback without disrupting the atmosphere.",['Gestural Cueing for Alerts or Transitions'],"1,200",0,0,0,0,0,0,0,0,0,0,0,0,0,0,0,0,0,0,0,0,0,0,0
Fencing Gear Sanitation Staff,"1,200","Handling sweaty protective wear, gesture input could log cleanings, flag rips, or sort sizes without contaminating devices.",['Multimodal Command Needs'],0,0,"1,200",0,0,0,0,0,0,0,0,0,0,0,0,0,0,0,0,0,0,0,0,0
Sleep Music Live Performer,"1,200","Performing for meditation or sleep concerts, gestures could toggle ambient loops, adjust volume, or cue lighting without breaking tranquility.","['Multimodal Command Needs', 'Gestural Cueing for Alerts or Transitions', 'Need for Discreet or Silent Communication']","1,200","1,200","1,200",0,0,0,0,0,0,0,0,0,0,0,0,0,0,0,0,0,0,0,0,0
Storybook Forest Animator,"1,200","Coordinating animatronic trees and tales, gestures could toggle story sequences, test motion, or flag guest feedback.",['Multimodal Command Needs'],0,0,"1,200",0,0,0,0,0,0,0,0,0,0,0,0,0,0,0,0,0,0,0,0,0
Video Game Speedrun Archivist,"1,200","Watching multiple attempts for hours, gestures could tag anomalies, log split errors, or cue feedback markers in real-time.","['Task Switching Without Losing Flow', 'Gestural Cueing for Alerts or Transitions', 'Need for Discreet or Silent Communication']","1,200","1,200",0,0,0,0,0,0,0,0,"1,200",0,0,0,0,0,0,0,0,0,0,0,0,0
Hovercraft Experience Guide,"1,200","Steering and monitoring sensors in motion, gestures could log conditions, flag safety zones, or cue transitions hands-free.","['Touch-Free Requirement', 'Visual Focus Must Stay Forward', 'Gestural Cueing for Alerts or Transitions', 'Need for Discreet or Silent Communication']","1,200","1,200",0,0,0,"1,200",0,0,0,0,0,0,0,0,0,0,"1,200",0,0,0,0,0,0,0
Rodeo Clown,"1,100","Working live with bulls and an audience, gestures could signal team support, trigger music cues, or log actions silently.","['Team-Based Spatial Work', 'Gestural Cueing for Alerts or Transitions', 'Need for Discreet or Silent Communication', 'Performance Contexts']","1,100","1,100",0,0,0,0,0,0,"1,100",0,0,0,0,0,0,0,0,0,0,0,"1,100",0,0,0
Archaeological Illustrator,"1,100","With delicate objects on hand, gesture tools could rotate sketches, zoom on photos, or mark annotation layers without contact.",['Wears Gloves or Hands Often Dirty'],0,0,0,"1,100",0,0,0,0,0,0,0,0,0,0,0,0,0,0,0,0,0,0,0,0
Field Glaciologist,"1,100","Studying ice in freezing temps, gestures could log core samples, mark melt rates, or tag GPS without removing gloves.",[],0,0,0,0,0,0,0,0,0,0,0,0,0,0,0,0,0,0,0,0,0,0,0,0
Ice Winery Grape Harvester,"1,100","Picking in freezing conditions, gestures could mark ripeness, log bins, or toggle flashlight headlamps without removing gloves.","['Multimodal Command Needs', 'Dim or Low-Light Workspaces']",0,0,"1,100",0,0,0,0,0,0,0,0,0,0,0,"1,100",0,0,0,0,0,0,0,0,0
Chainsaw Sculptor,"1,100","Covered in sawdust and moving quickly, gestures could activate templates, mark progress, or snap mid-sculpt photos with no screen contact.",[],0,0,0,0,0,0,0,0,0,0,0,0,0,0,0,0,0,0,0,0,0,0,0,0
Avalanche Safety Technician,"1,100","Testing remote snowfields with both hands in use, gestures could deploy probes, mark zones, or trigger alerts via HUD.","['Field Work with Limited Tech Access', 'Objects or Screens are Out of Reach', 'Gestural Cueing for Alerts or Transitions']","1,100",0,0,0,0,0,0,0,0,0,0,"1,100",0,0,0,0,0,0,0,0,0,0,"1,100",0
Suspension Bridge Cable Tech,"1,100","Hanging over water with harnesses and gloves, gestures could flag strand defects, mark inspections, or alert teams instantly.","['Gestural Cueing for Alerts or Transitions', 'Safety-Critical Tasks']","1,100",0,0,0,"1,100",0,0,0,0,0,0,0,0,0,0,0,0,0,0,0,0,0,0,0
Wild Mushroom Safety Inspector,"1,100","In forests with latex gloves and sampling kits, gestures could tag species, log coordinates, or call lab teams touch-free.",['Touch-Free Requirement'],0,0,0,0,0,"1,100",0,0,0,0,0,0,0,0,0,0,0,0,0,0,0,0,0,0
Whitewater Rafting Photographer,"1,100","Holding a camera on slippery rocks, gestures could cue burst mode, mark good shots, or log raft IDs without dropping gear.","['One-Handed or Asymmetric Work', 'Gestural Cueing for Alerts or Transitions', 'Need for Discreet or Silent Communication']","1,100","1,100",0,0,0,0,0,0,0,0,0,0,"1,100",0,0,0,0,0,0,0,0,0,0,0
Trapeze Rigging Crew,"1,100","Hanging equipment high above ground, gestures could verify checks, log pulley settings, or trigger safety lock reminders.","['Multimodal Command Needs', 'Hands Frequently Full', 'Gestural Cueing for Alerts or Transitions', 'Safety-Critical Tasks']","1,100",0,"1,100",0,"1,100",0,0,"1,100",0,0,0,0,0,0,0,0,0,0,0,0,0,0,0,0
Pirate Ship Attraction Operator,"1,100","Managing fog machines and swinging decks, gestures could cue cannon effects, switch narration, or flag safety triggers with flair.","['Multimodal Command Needs', 'Gestural Cueing for Alerts or Transitions', 'Need for Discreet or Silent Communication', 'Safety-Critical Tasks']","1,100","1,100","1,100",0,"1,100",0,0,0,0,0,0,0,0,0,0,0,0,0,0,0,0,0,0,0
Indoor Drone Soccer Coach,"1,100","Managing high-speed bots in enclosed arenas, gestures could flag fouls, cue drills, or switch camera views without pausing gameplay.","['Multimodal Command Needs', 'Gestural Cueing for Alerts or Transitions', 'Need for Discreet or Silent Communication']","1,100","1,100","1,100",0,0,0,0,0,0,0,0,0,0,0,0,0,0,0,0,0,0,0,0,0
Custom Violin Builder,"1,100","Hands full of shavings and glue, gestures could log tone tests, switch patterns, or record video of tuning steps.","['Multimodal Command Needs', 'Hands Frequently Full']",0,0,"1,100",0,0,0,0,"1,100",0,0,0,0,0,0,0,0,0,0,0,0,0,0,0,0
Forestry Chainsaw Safety Auditor,"1,100","Mid-site in PPE with tools in motion, gestures could log violations, flag incidents, or cue training content.","['Wears Gloves or Hands Often Dirty', 'Gestural Cueing for Alerts or Transitions', 'Need for Discreet or Silent Communication']","1,100","1,100",0,"1,100",0,0,0,0,0,0,0,0,0,0,0,0,0,0,0,0,0,0,0,0
Amphibian Lab Technician,"1,100","With wet gloves and tiny creatures, gestures could record feeding times, flag health markers, or toggle tank temps hands-free.","['Environmental Sensitivity (Moisture, Heat, Cold)', 'Touch-Free Requirement', 'Multimodal Command Needs']",0,0,"1,100",0,0,"1,100","1,100",0,0,0,0,0,0,0,0,0,0,0,0,0,0,0,0,0
Puzzle Box Maker,"1,100","Holding wooden gears and glue, gestures could rotate 3D schematics, flag part fit issues, or cue laser engravers without sticky screens.","['One-Handed or Asymmetric Work', 'Gestural Cueing for Alerts or Transitions', 'Need for Discreet or Silent Communication']","1,100","1,100",0,0,0,0,0,0,0,0,0,0,"1,100",0,0,0,0,0,0,0,0,0,0,0
Shipwreck Site Diver,"1,100","Underwater with gloves and silt, gestures could cue cameras, mark artifacts, or call partner divers through motion systems.","['Gestural Cueing for Alerts or Transitions', 'Need for Discreet or Silent Communication']","1,100","1,100",0,0,0,0,0,0,0,0,0,0,0,0,0,0,0,0,0,0,0,0,0,0
Museum Scent Exhibit Developer,"1,100","Handling aroma diffusion systems, gesture input could rotate samples, log scent cycles, or mark environmental triggers touch-free.",['Touch-Free Requirement'],0,0,0,0,0,"1,100",0,0,0,0,0,0,0,0,0,0,0,0,0,0,0,0,0,0
Candy Cane Striping Tech,"1,100","Twisting molten sugar with gloved hands, gestures could switch patterns, adjust timing, or flag temperature dips.","['Environmental Sensitivity (Moisture, Heat, Cold)', 'Multimodal Command Needs']",0,0,"1,100",0,0,0,"1,100",0,0,0,0,0,0,0,0,0,0,0,0,0,0,0,0,0
Urban Bat Surveyor,"1,100","With echo-detectors and gloves on in dusk settings, gestures could mark locations, trigger bat calls, or record fly-by data discreetly.","['Multimodal Command Needs', 'Gestural Cueing for Alerts or Transitions']","1,100",0,"1,100",0,0,0,0,0,0,0,0,0,0,0,0,0,0,0,0,0,0,0,0,0
Dollhouse Museum Conservator,"1,100","Handling micro furniture and dusty artifacts, gesture input could cue lighting, log exhibits, or flag damage while keeping gloves clean.","['Gestural Cueing for Alerts or Transitions', 'Need for Discreet or Silent Communication']","1,100","1,100",0,0,0,0,0,0,0,0,0,0,0,0,0,0,0,0,0,0,0,0,0,0
Ice Sculptor,"1,000","These artists work with gloves and frozen materials under time pressure. Gesture control could rotate reference models, manage timers, or cue lighting changes hands-free.","['Touch-Free Requirement', 'Gestural Cueing for Alerts or Transitions', 'Need for Discreet or Silent Communication']","1,000","1,000",0,0,0,"1,000",0,0,0,0,0,0,0,0,0,0,0,0,0,0,0,0,0,0
Airshow Performer,"1,000","Performing aerial maneuvers, gesture control could toggle cameras, log altitude notes, or sync with show timing systems.",['Multimodal Command Needs'],0,0,"1,000",0,0,0,0,0,0,0,0,0,0,0,0,0,0,0,0,0,0,0,0,0
Foley Artist,"1,000","Creating sound effects with full-body props, gestures could control recording, preview loops, or tag sections in real time.",['Performance Contexts'],0,0,0,0,0,0,0,0,"1,000",0,0,0,0,0,0,0,0,0,0,0,0,0,0,0
Falconry Instructor,"1,000","With birds on gloved arms, gesture input could log flights, track distances, or cue training calls mid-session.","['Gestural Cueing for Alerts or Transitions', 'Need for Discreet or Silent Communication', 'Performance Contexts']","1,000","1,000",0,0,0,0,0,0,"1,000",0,0,0,0,0,0,0,0,0,0,0,0,0,0,0
Mechanical Bull Operator,"1,000","In rowdy venues with one hand on controls, gesture input could switch settings, cue music, or flag safety events quickly.","['Multimodal Command Needs', 'One-Handed or Asymmetric Work', 'Gestural Cueing for Alerts or Transitions', 'Need for Discreet or Silent Communication']","1,000","1,000","1,000",0,0,0,0,0,0,0,0,0,"1,000",0,0,0,0,0,0,0,0,0,0,0
Professional Mermaid Performer,"1,000","In pools with limited movement, gestures could trigger lighting, music, or air safety signals discreetly during shows.","['Gestural Cueing for Alerts or Transitions', 'Safety-Critical Tasks']","1,000",0,0,0,"1,000",0,0,0,0,0,0,0,0,0,0,0,0,0,0,0,0,0,0,0
Mine Cart Operator,"1,000","Driving narrow rails with gloves and dust, gestures could signal loads, track stops, or trigger alerts without touching control panels.","['Gestural Cueing for Alerts or Transitions', 'Need for Discreet or Silent Communication']","1,000","1,000",0,0,0,0,0,0,0,0,0,0,0,0,0,0,0,0,0,0,0,0,0,0
Mushroom Foraging Guide,"1,000","Navigating forests with wet, muddy hands, gesture input could mark locations, identify species, or log harvest data while on the move.","['Constant Motion / Mobile Work', 'Environmental Sensitivity (Moisture, Heat, Cold)']",0,0,0,0,0,0,"1,000",0,0,0,0,0,0,0,0,"1,000",0,0,0,0,0,0,0,0
Water Slide Tester,"1,000","Testing new designs hands-on, gesture input could log ride stats, note problem zones, or cue GoPro recordings without a handheld.","['Wears Gloves or Hands Often Dirty', 'Gestural Cueing for Alerts or Transitions', 'Need for Discreet or Silent Communication']","1,000","1,000",0,"1,000",0,0,0,0,0,0,0,0,0,0,0,0,0,0,0,0,0,0,0,0
Lava Tube Tour Guide,"1,000","In narrow, dark cave systems, gestures could activate lighting, track guests, or cue narration while keeping hands on railings.","['Dim or Low-Light Workspaces', 'Gestural Cueing for Alerts or Transitions', 'Need for Discreet or Silent Communication']","1,000","1,000",0,0,0,0,0,0,0,0,0,0,0,0,"1,000",0,0,0,0,0,0,0,0,0
TV Puppeteer,"1,000","Inside suits or below frame, gesture inputs could control lighting, cue dialogue, or manage timing in real-time with full-body performance.","['Multimodal Command Needs', 'Gestural Cueing for Alerts or Transitions', 'Task Switching Without Losing Flow', 'Need for Discreet or Silent Communication']","1,000","1,000","1,000",0,0,0,0,0,0,0,"1,000",0,0,0,0,0,0,0,0,0,0,0,0,0
Indoor Drone Arena Referee,"1,000","Watching small high-speed crafts, gesture input could pause rounds, flag violations, or switch drone feeds rapidly.",['Multimodal Command Needs'],0,0,"1,000",0,0,0,0,0,0,0,0,0,0,0,0,0,0,0,0,0,0,0,0,0
Wildlife Disease Ecologist,"1,000","Handling animals in biohazard suits, gesture tools could log symptoms, flag anomalies, or cue sample kits touch-free.","['Wears Gloves or Hands Often Dirty', 'Touch-Free Requirement', 'Gestural Cueing for Alerts or Transitions', 'Need for Discreet or Silent Communication']","1,000","1,000",0,"1,000",0,"1,000",0,0,0,0,0,0,0,0,0,0,0,0,0,0,0,0,0,0
Street Chess Tournament Referee,"1,000","Surrounded by crowds and limited movement, gestures could toggle clocks, flag infractions, or update brackets discreetly.",['Multimodal Command Needs'],0,0,"1,000",0,0,0,0,0,0,0,0,0,0,0,0,0,0,0,0,0,0,0,0,0
Ice Climbing Guide,"1,000","On vertical faces with ice axes in hand, gesture input could track client positions, toggle safety beacons, or access route data through a HUD.","['Multimodal Command Needs', 'Safety-Critical Tasks']",0,0,"1,000",0,"1,000",0,0,0,0,0,0,0,0,0,0,0,0,0,0,0,0,0,0,0
Bridge Climb Tour Guide,"1,000","Leading harnessed guests over massive spans, gestures could cue facts, flag issues, or log safety checks without dropping gear.","['Gestural Cueing for Alerts or Transitions', 'Need for Discreet or Silent Communication', 'Safety-Critical Tasks']","1,000","1,000",0,0,"1,000",0,0,0,0,0,0,0,0,0,0,0,0,0,0,0,0,0,0,0
Remote-Controlled Submarine Pilot,"1,000","Operating underwater drones with joysticks, gestures could log footage, toggle arm controls, or tag points of interest without breaking concentration.",['Multimodal Command Needs'],0,0,"1,000",0,0,0,0,0,0,0,0,0,0,0,0,0,0,0,0,0,0,0,0,0
Sheepdog Trial Judge,"1,000","On windy fields with binoculars and a clipboard, gestures could mark penalties, log routes, or call scores silently.",[],0,0,0,0,0,0,0,0,0,0,0,0,0,0,0,0,0,0,0,0,0,0,0,0
Remote Fire Lookout,"1,000","Alone in watchtowers with binoculars in hand, gestures could mark smoke sightings, trigger beacons, or rotate map overlays quietly.",['Gestural Cueing for Alerts or Transitions'],"1,000",0,0,0,0,0,0,0,0,0,0,0,0,0,0,0,0,0,0,0,0,0,0,0
Drone Fish Counter,"1,000","Flying over streams to tally wildlife, gesture input could log species, adjust altitude, or tag geographic data while watching screens.",[],0,0,0,0,0,0,0,0,0,0,0,0,0,0,0,0,0,0,0,0,0,0,0,0
Outdoor Ice Sculpture Curator,"1,000","With gloves on and melting work, gestures could track temperature, adjust lighting, or log photos in real-time.","['Environmental Sensitivity (Moisture, Heat, Cold)', 'Task Switching Without Losing Flow']",0,0,0,0,0,0,"1,000",0,0,0,"1,000",0,0,0,0,0,0,0,0,0,0,0,0,0
Bike Polo Coach,"1,000","On the sidelines or mid-field, gestures could trigger shot clocks, mark drills, or signal resets without voice commands.","['Field Work with Limited Tech Access', 'Gestural Cueing for Alerts or Transitions', 'Need for Discreet or Silent Communication']","1,000","1,000",0,0,0,0,0,0,0,0,0,"1,000",0,0,0,0,0,0,0,0,0,0,0,0
Lockpicking Instructor (Hobbyist Club),"1,000","Mid-demo with tools in use, gestures could cue camera views, rotate diagrams, or flag tool swaps during close-up teaching.","['Wears Gloves or Hands Often Dirty', 'Gestural Cueing for Alerts or Transitions', 'Need for Discreet or Silent Communication']","1,000","1,000",0,"1,000",0,0,0,0,0,0,0,0,0,0,0,0,0,0,0,0,0,0,0,0
Bonsai Video Livestream Host,"1,000","Sculpting with two hands on branches, gestures could toggle comments, cue zooms, or mark timestamps without breaking rhythm.","['Multimodal Command Needs', 'Gestural Cueing for Alerts or Transitions', 'Need for Discreet or Silent Communication']","1,000","1,000","1,000",0,0,0,0,0,0,0,0,0,0,0,0,0,0,0,0,0,0,0,0,0
Miniature Diorama Sculptor,"1,000","Mid-build with glue and tweezers, gestures could cue reference photos, log material use, or toggle macro camera views easily.","['Multimodal Command Needs', 'Gestural Cueing for Alerts or Transitions', 'Need for Discreet or Silent Communication']","1,000","1,000","1,000",0,0,0,0,0,0,0,0,0,0,0,0,0,0,0,0,0,0,0,0,0
Wind Turbine Blade Painter,"1,000","Dangling from ropes with sprayers active, gestures could cue color changes, mark coverage zones, or request more paint.","['Gestural Cueing for Alerts or Transitions', 'Need for Discreet or Silent Communication']","1,000","1,000",0,0,0,0,0,0,0,0,0,0,0,0,0,0,0,0,0,0,0,0,0,0
Golf Ball Diver (Pond Retrieval),"1,000","Underwater and often in muck, gesture input could cue sonar pings, mark batch sizes, or flag hazards cleanly.","['Gestural Cueing for Alerts or Transitions', 'Need for Discreet or Silent Communication']","1,000","1,000",0,0,0,0,0,0,0,0,0,0,0,0,0,0,0,0,0,0,0,0,0,0
Anatomical Model Maker,900,"Sculpting detailed medical models requires hygiene and constant focus. Gesture control could rotate references, toggle lighting, or log progress safely.","['Sterile or Hygiene-Sensitive Settings', 'Multimodal Command Needs']",0,0,900,0,0,0,0,0,0,900,0,0,0,0,0,0,0,0,0,0,0,0,0,0
Glacier Guide,900,"With cleats and ropes in hand, gesture tools could update routes, log temperatures, or signal teams in risky environments.","['Wears Gloves or Hands Often Dirty', 'Gestural Cueing for Alerts or Transitions', 'Need for Discreet or Silent Communication']",900,900,0,900,0,0,0,0,0,0,0,0,0,0,0,0,0,0,0,0,0,0,0,0
Airport Wildlife Manager,900,"Monitoring bird strikes or animal incursions, gesture input could log sightings, toggle warnings, or mark zones while mobile.","['Constant Motion / Mobile Work', 'Multimodal Command Needs', 'Visual Focus Must Stay Forward']",0,0,900,0,0,0,0,0,0,0,0,0,0,0,0,900,900,0,0,0,0,0,0,0
Handbell Choir Director,900,"Conducting with both hands in motion, gesture inputs could trigger metronomes, switch scores, or communicate with stage techs.","['Multimodal Command Needs', 'Gestural Cueing for Alerts or Transitions']",900,0,900,0,0,0,0,0,0,0,0,0,0,0,0,0,0,0,0,0,0,0,0,0
Wind Farm Blade Cleaner,900,"Suspended at height with power washers, gestures could mark cleaned sections, flag damage, or communicate with crews.",[],0,0,0,0,0,0,0,0,0,0,0,0,0,0,0,0,0,0,0,0,0,0,0,0
Lava Research Geologist,900,"Working in hazardous heat zones with fire suits, gestures could trigger thermal scans, mark flow data, or flag danger without removing PPE.","['Task Switching Without Losing Flow', 'Gestural Cueing for Alerts or Transitions']",900,0,0,0,0,0,0,0,0,0,900,0,0,0,0,0,0,0,0,0,0,0,0,0
Archival Film Handler,900,"Touching sensitive reels in white gloves, gestures could manage catalog entries, toggle playback, or flag preservation needs hands-free.","['Touch-Free Requirement', 'Multimodal Command Needs']",0,0,900,0,0,900,0,0,0,0,0,0,0,0,0,0,0,0,0,0,0,0,0,0
Clay Animation Modeler,900,"Covered in sculpting compound, gestures could cue time-lapses, cycle character references, or track scene progression mid-sculpt.","['Gestural Cueing for Alerts or Transitions', 'Need for Discreet or Silent Communication']",900,900,0,0,0,0,0,0,0,0,0,0,0,0,0,0,0,0,0,0,0,0,0,0
Kite Repair Technician,900,"Covered in adhesives and nylon, gestures could rotate diagrams, flag broken spars, or scroll color charts mid-fix.",[],0,0,0,0,0,0,0,0,0,0,0,0,0,0,0,0,0,0,0,0,0,0,0,0
Alpaca Yoga Instructor,900,"Managing animals and people in tight spaces, gestures could cue breathing tracks, update rosters, or adjust lighting discreetly.","['Gestural Cueing for Alerts or Transitions', 'Need for Discreet or Silent Communication']",900,900,0,0,0,0,0,0,0,0,0,0,0,0,0,0,0,0,0,0,0,0,0,0
Lava Field Hiking Guide,900,"On brittle rock with sticks in hand, gestures could mark GPS pins, cue geology facts, or signal danger spots safely.","['Gestural Cueing for Alerts or Transitions', 'Need for Discreet or Silent Communication']",900,900,0,0,0,0,0,0,0,0,0,0,0,0,0,0,0,0,0,0,0,0,0,0
Forest Soundscape Recorder,900,"Listening for ambient wildlife, gestures could mark audio tags, cue fade-ins, or annotate GPS without introducing noise.","['Gestural Cueing for Alerts or Transitions', 'Need for Discreet or Silent Communication']",900,900,0,0,0,0,0,0,0,0,0,0,0,0,0,0,0,0,0,0,0,0,0,0
Rock Balancing Artist,900,"Mid-stack with intense focus and fragile structures, gestures could capture progress photos, log locations, or cue meditative music without disturbing the work.","['Gestural Cueing for Alerts or Transitions', 'Need for Discreet or Silent Communication']",900,900,0,0,0,0,0,0,0,0,0,0,0,0,0,0,0,0,0,0,0,0,0,0
Indoor Rock Skipping Simulator Operator,900,"Overseeing motion feedback and sensors, gesture input could reset throws, log scores, or adjust difficulty mid-round.",[],0,0,0,0,0,0,0,0,0,0,0,0,0,0,0,0,0,0,0,0,0,0,0,0
Arctic Vehicle Test Driver,900,"In bulky gear with frozen controls, gestures could log responses, mark data points, or alert engineers safely.","['Gestural Cueing for Alerts or Transitions', 'Safety-Critical Tasks']",900,0,0,0,900,0,0,0,0,0,0,0,0,0,0,0,0,0,0,0,0,0,0,0
Tractor Pull Organizer,800,"Surrounded by noise and motion, gestures could signal go-times, cue judges, or log results in real time.","['Gestural Cueing for Alerts or Transitions', 'Need for Discreet or Silent Communication']",800,800,0,0,0,0,0,0,0,0,0,0,0,0,0,0,0,0,0,0,0,0,0,0
Pipe Organ Tuner,800,"Working inside large church organs in dusty spaces, gesture control could trigger notes, mark voicing issues, or scroll through tuning lists hands-free.","['Touch-Free Requirement', 'Gestural Cueing for Alerts or Transitions']",800,0,0,0,0,800,0,0,0,0,0,0,0,0,0,0,0,0,0,0,0,0,0,0
Bioluminescence Tour Guide,800,"On water at night with tourists and paddles in hand, gestures could trigger spotlights, log sightings, or adjust timing silently.",['Gestural Cueing for Alerts or Transitions'],800,0,0,0,0,0,0,0,0,0,0,0,0,0,0,0,0,0,0,0,0,0,0,0
Ball Pit Maintenance Worker,800,"Managing sanitation in colorful chaos, gesture tools could log cleans, track injury reports, or control lighting hands-free.","['Wears Gloves or Hands Often Dirty', 'Touch-Free Requirement', 'Safety-Critical Tasks']",0,0,0,800,800,800,0,0,0,0,0,0,0,0,0,0,0,0,0,0,0,0,0,0
Bike Polo Referee,800,"On the field and in motion, gestures could track fouls, signal points, or communicate with scorers hands-free.","['Touch-Free Requirement', 'Field Work with Limited Tech Access', 'Gestural Cueing for Alerts or Transitions', 'Need for Discreet or Silent Communication']",800,800,0,0,0,800,0,0,0,0,0,800,0,0,0,0,0,0,0,0,0,0,0,0
Storm Chaser Videographer,800,"With hands on camera and one eye on the sky, gestures could mark footage, toggle windshield settings, or activate GPS pings.",['Multimodal Command Needs'],0,0,800,0,0,0,0,0,0,0,0,0,0,0,0,0,0,0,0,0,0,0,0,0
Freelance Book Scanner (Rare Archives),800,"Wearing gloves to preserve pages, gestures could turn digital pages, tag OCR issues, or catalog data without touching tech.",[],0,0,0,0,0,0,0,0,0,0,0,0,0,0,0,0,0,0,0,0,0,0,0,0
Kayak Polo Referee,800,"On the water with limited mobility, gesture input could call penalties, log scores, or cue match timers from a waterproof watch.","['Gestural Cueing for Alerts or Transitions', 'Need for Discreet or Silent Communication']",800,800,0,0,0,0,0,0,0,0,0,0,0,0,0,0,0,0,0,0,0,0,0,0
Avalanche Beacon Test Operator,800,"In snow with gloves and limited dexterity, gestures could activate sensors, log signal strength, or flag malfunctions cleanly.","['Gestural Cueing for Alerts or Transitions', 'Need for Discreet or Silent Communication']",800,800,0,0,0,0,0,0,0,0,0,0,0,0,0,0,0,0,0,0,0,0,0,0
Whale Song Audio Archivist,800,"Scrubbing sonograms in isolation booths, gestures could tag patterns, log timestamps, or control waveforms without touching controls.",[],0,0,0,0,0,0,0,0,0,0,0,0,0,0,0,0,0,0,0,0,0,0,0,0
Mechanical Bull Maintenance Tech,700,"In bars or rodeos, gestures could toggle modes, log uptime, or report malfunctions while mid-repair.",['Multimodal Command Needs'],0,0,700,0,0,0,0,0,0,0,0,0,0,0,0,0,0,0,0,0,0,0,0,0
Ice Harvest Festival Worker,700,"Handling blocks and saws in freezing temps, gesture input could mark inventory, trigger crowd effects, or track progress while hands stay bundled.",['Gestural Cueing for Alerts or Transitions'],700,0,0,0,0,0,0,0,0,0,0,0,0,0,0,0,0,0,0,0,0,0,0,0
Bell Tower Ringer,700,"Operating giant bells with levers and feet, gesture tools could switch sequences, adjust timing, or log cycles silently.","['Wears Gloves or Hands Often Dirty', 'Multimodal Command Needs']",0,0,700,700,0,0,0,0,0,0,0,0,0,0,0,0,0,0,0,0,0,0,0,0
Meteorite Recovery Specialist,700,"Often operating in deserts or tundra while handling delicate finds, gestures could log coordinates, mark site conditions, or cue sample scans hands-free.","['Touch-Free Requirement', 'Gestural Cueing for Alerts or Transitions', 'Need for Discreet or Silent Communication']",700,700,0,0,0,700,0,0,0,0,0,0,0,0,0,0,0,0,0,0,0,0,0,0
Submersible Habitat Diver,700,"Inside flooded training environments, gesture control could adjust oxygen levels, log test stages, or flag anomalies through HUDs.",[],0,0,0,0,0,0,0,0,0,0,0,0,0,0,0,0,0,0,0,0,0,0,0,0
Shark Tank Cleaner,600,"Submerged with predators nearby, divers could use gestures to manage oxygen stats, log progress, or trigger alerts.",['Gestural Cueing for Alerts or Transitions'],600,0,0,0,0,0,0,0,0,0,0,0,0,0,0,0,0,0,0,0,0,0,0,0
Shark Dive Operator,600,"In cages or prepping dives, gestures could control oxygen, flag emergencies, or log schedules safely in water.",[],0,0,0,0,0,0,0,0,0,0,0,0,0,0,0,0,0,0,0,0,0,0,0,0
Oil Spill Cleanup Diver,600,"Underwater with limited comms, gesture tools could flag hazards, log samples, or alert teams using specialized motion detection.","['Wears Gloves or Hands Often Dirty', 'Gestural Cueing for Alerts or Transitions', 'Safety-Critical Tasks']",600,0,0,600,600,0,0,0,0,0,0,0,0,0,0,0,0,0,0,0,0,0,0,0
Polar Research Diver,600,"In freezing water with limited dexterity, gestures could adjust HUDs, mark sample zones, or trigger emergency signals through suit sensors.",['Gestural Cueing for Alerts or Transitions'],600,0,0,0,0,0,0,0,0,0,0,0,0,0,0,0,0,0,0,0,0,0,0,0
Archaeological Diver,500,"Underwater artifact retrieval requires extreme care and hands-free data management. Gesture-controlled HUDs could guide excavation, catalog finds, and navigate maps while submerged.",['Touch-Free Requirement'],0,0,0,0,0,500,0,0,0,0,0,0,0,0,0,0,0,0,0,0,0,0,0,0
Fireworks Choreographer,500,"Coordinating pyrotechnics with music and timing, gesture input could trigger sequences, adjust cues, or rehearse transitions mid-performance.","['Gestural Cueing for Alerts or Transitions', 'Performance Contexts']",500,0,0,0,0,0,0,0,500,0,0,0,0,0,0,0,0,0,0,0,0,0,0,0
Cheese Cave Affineur,500,"Aging and flipping wheels with gloved hands, gesture input could log rotations, temperature changes, or quality notes without contamination.","['Environmental Sensitivity (Moisture, Heat, Cold)', 'Sterile or Hygiene-Sensitive Settings']",0,0,0,0,0,0,500,0,0,500,0,0,0,0,0,0,0,0,0,0,0,0,0,0
Hay Bale Sculptor (Fairs),500,"Covered in straw and spray paint, gestures could manage designs, play references, or snap progress photos touch-free.",['Touch-Free Requirement'],0,0,0,0,0,500,0,0,0,0,0,0,0,0,0,0,0,0,0,0,0,0,0,0
Cheese Cave Affineur,500,"Aging wheels of cheese in cold, humid environments, affineurs could use gestures to log rotations, mark temperature changes, or adjust ripening schedules hands-free.","['Environmental Sensitivity (Moisture, Heat, Cold)', 'Touch-Free Requirement']",0,0,0,0,0,500,500,0,0,0,0,0,0,0,0,0,0,0,0,0,0,0,0,0
Jetpack Suit Demo Pilot,500,"With both hands and feet engaged, gesture tools could trigger fail-safes, cue audio overlays, or mark feedback loops for R&D.","['Wears Gloves or Hands Often Dirty', 'Gestural Cueing for Alerts or Transitions', 'Need for Discreet or Silent Communication']",500,500,0,500,0,0,0,0,0,0,0,0,0,0,0,0,0,0,0,0,0,0,0,0
Diving Bell Operator,400,Deep-sea operators manage multiple gauges and live cameras. Gesture commands could streamline communication or HUD overlays in cramped subs.,"['Irregular or Constrained Environments', 'Performance Contexts']",0,0,0,0,0,0,0,0,400,0,0,0,0,0,0,0,0,0,0,400,0,0,0,0
Helicopter Logger (Forestry),400,"Coordinating log lifts with helicopters, gestures could direct pilots, log lifts, or flag safety events in noisy, chaotic environments.","['Noisy Environments (Voice Input Unreliable)', 'Safety-Critical Tasks']",0,0,0,0,400,0,0,0,0,0,0,0,0,0,0,0,0,0,400,0,0,0,0,0
Blimp Pilot,300,"In a niche but complex space, gesture controls could manage mapping overlays, nav adjustments, or internal cabin features during long flights.",[],0,0,0,0,0,0,0,0,0,0,0,0,0,0,0,0,0,0,0,0,0,0,0,0
Bell Tower Carillonneur,300,"With both feet and hands operating pedals and keys, gestures could flip sheet music, cue recordings, or adjust tempo quietly.","['Gestural Cueing for Alerts or Transitions', 'Need for Discreet or Silent Communication']",300,300,0,0,0,0,0,0,0,0,0,0,0,0,0,0,0,0,0,0,0,0,0,0
Reindeer Wrangler,300,"During holiday events, handlers manage animals while engaging the public — gestures could log schedules, trigger music, or alert handlers silently.","['Gestural Cueing for Alerts or Transitions', 'Safety-Critical Tasks']",300,0,0,0,300,0,0,0,0,0,0,0,0,0,0,0,0,0,0,0,0,0,0,0
Butter Sculptor,300,"In freezing temps with delicate tools, gesture input could cue time checks, rotate reference models, or log competition phases without touching anything greasy.","['Wears Gloves or Hands Often Dirty', 'Gestural Cueing for Alerts or Transitions', 'Need for Discreet or Silent Communication']",300,300,0,300,0,0,0,0,0,0,0,0,0,0,0,0,0,0,0,0,0,0,0,0
Blimp Pilot,300,"Piloting a slow-moving aircraft with both hands occupied, gestures could control internal systems, adjust logs, or signal crew members efficiently.","['Gestural Cueing for Alerts or Transitions', 'Need for Discreet or Silent Communication']",300,300,0,0,0,0,0,0,0,0,0,0,0,0,0,0,0,0,0,0,0,0,0,0
Snake Milker,150,"Working with venomous reptiles, hands must remain steady. Gesture input could log dosages, trigger specimen containers, or capture notes.",['Gestural Cueing for Alerts or Transitions'],150,0,0,0,0,0,0,0,0,0,0,0,0,0,0,0,0,0,0,0,0,0,0,0
,,,,"28,646,450","15,426,000","28,236,800","20,192,100","12,987,600","5,050,500","2,484,500","19,088,000","670,200","11,938,800","2,542,900","2,056,500",1944700,1475400,127000,"5,952,500",1952000,1519300,819900,1499300,2302700,7754200,31500,10000